lesson_id,filename,script_text,voice_direction
RL.1.1,q1.mp3,<speak> Bella picked three red apples from the tree. She put them in her basket..<break time='1s'/> <emphasis level='moderate'>How many apples did Bella pick?</emphasis><break time='800ms'/> One? <break time='600ms'/> Two? <break time='600ms'/> Three? <break time='600ms'/> or Four? <break time=\'400ms\'/> What do you think?</speak>,"Read this like a cheerful, clear elementary school teacher reading to a small child:"
RL.1.1,q1-hint.mp3,<speak>Here's a hint! Listen to the first sentence again . <break time='500ms'/> how many apples?</speak>,"Read this like a cheerful, clear elementary school teacher reading to a small child:"
RL.1.1,q2.mp3,<speak> The frog sat on a lily pad in the pond. He was waiting for a fly..<break time='1s'/> <emphasis level='moderate'>Where was the frog sitting?</emphasis><break time='800ms'/> On a rock? <break time='600ms'/> On a lily pad? <break time='600ms'/> In the mud? <break time='600ms'/> or On the grass? <break time=\'400ms\'/> What do you think?</speak>,"Read this like a cheerful, clear elementary school teacher reading to a small child:"
RL.1.1,q2-hint.mp3,<speak>Here's a hint! Listen to the first sentence . <break time='500ms'/> where did the frog sit?</speak>,"Read this like a cheerful, clear elementary school teacher reading to a small child:"
RL.1.1,q3.mp3,<speak> Emma walked to school with her friend Jake. They talked about their favorite animals..<break time='1s'/> <emphasis level='moderate'>Who did Emma walk with?</emphasis><break time='800ms'/> Her mom? <break time='600ms'/> Her dog? <break time='600ms'/> Her friend Jake? <break time='600ms'/> or Her sister? <break time=\'400ms\'/> What do you think?</speak>,"Read this like a cheerful, clear elementary school teacher reading to a small child:"
RL.1.1,q3-hint.mp3,<speak>Here's a hint! Listen to the first sentence . <break time='500ms'/> who walked with Emma?</speak>,"Read this like a cheerful, clear elementary school teacher reading to a small child:"
RL.1.1,q4.mp3,<speak> Dad made pancakes for breakfast. He put blueberries on top..<break time='1s'/> <emphasis level='moderate'>What did Dad put on the pancakes?</emphasis><break time='800ms'/> Syrup? <break time='600ms'/> Chocolate chips? <break time='600ms'/> Blueberries? <break time='600ms'/> or Bananas? <break time=\'400ms\'/> What do you think?</speak>,"Read this like a cheerful, clear elementary school teacher reading to a small child:"
RL.1.1,q4-hint.mp3,<speak>Here's a hint! Listen to the second sentence . <break time='500ms'/> what went on top?</speak>,"Read this like a cheerful, clear elementary school teacher reading to a small child:"
RL.1.1,q5.mp3,<speak> The kitten climbed the tall tree. It was scared to come down..<break time='1s'/> <emphasis level='moderate'>How did the kitten feel?</emphasis><break time='800ms'/> Happy? <break time='600ms'/> Scared? <break time='600ms'/> Sleepy? <break time='600ms'/> or Hungry? <break time=\'400ms\'/> What do you think?</speak>,"Read this like a cheerful, clear elementary school teacher reading to a small child:"
RL.1.1,q5-hint.mp3,<speak>Here's a hint! The second sentence tells you how the kitten felt.</speak>,"Read this like a cheerful, clear elementary school teacher reading to a small child:"
RL.1.2,q1.mp3,"<speak> Tom wanted to win the race. He practiced running every day. On race day, he came in first!.<break time='1s'/> <emphasis level='moderate'>What is the lesson of this story?</emphasis><break time='800ms'/> Running is boring? <break time='600ms'/> Practice helps you get better? <break time='600ms'/> Races are scary? <break time='600ms'/> or Tom is the fastest kid? <break time=\'400ms\'/> What do you think?</speak>","Read this like a cheerful, clear elementary school teacher reading to a small child:"
RL.1.2,q1-hint.mp3,<speak>Here's a hint! What did Tom do before the race that helped him win?</speak>,"Read this like a cheerful, clear elementary school teacher reading to a small child:"
RL.1.2,q2.mp3,<speak> Mia did not share her crayons. Her friends stopped playing with her. Mia felt sad and lonely..<break time='1s'/> <emphasis level='moderate'>What is the lesson of this story?</emphasis><break time='800ms'/> Crayons are important? <break time='600ms'/> Friends are mean? <break time='600ms'/> Sharing is important? <break time='600ms'/> or Drawing is fun? <break time=\'400ms\'/> What do you think?</speak>,"Read this like a cheerful, clear elementary school teacher reading to a small child:"
RL.1.2,q2-hint.mp3,<speak>Here's a hint! What happened when Mia didn't share?</speak>,"Read this like a cheerful, clear elementary school teacher reading to a small child:"
RL.1.2,q3.mp3,"<speak> The ant worked hard all summer saving food. The grasshopper played all day. When winter came, the ant had food but the grasshopper did not..<break time='1s'/> <emphasis level='moderate'>What is the lesson?</emphasis><break time='800ms'/> Playing is bad? <break time='600ms'/> It is good to plan ahead? <break time='600ms'/> Ants are better than grasshoppers? <break time='600ms'/> or Winter is cold? <break time=\'400ms\'/> What do you think?</speak>","Read this like a cheerful, clear elementary school teacher reading to a small child:"
RL.1.2,q3-hint.mp3,<speak>Here's a hint! Who was ready for winter and why?</speak>,"Read this like a cheerful, clear elementary school teacher reading to a small child:"
RL.1.2,q4.mp3,"<speak> Leo tried to ride his bike but kept falling. His mom said, 'Keep trying!' After many tries, Leo could ride all by himself..<break time='1s'/> <emphasis level='moderate'>What happened first in the story?</emphasis><break time='800ms'/> Leo rode his bike? <break time='600ms'/> Mom said keep trying? <break time='600ms'/> Leo kept falling? <break time='600ms'/> or Leo stopped trying? <break time=\'400ms\'/> What do you think?</speak>","Read this like a cheerful, clear elementary school teacher reading to a small child:"
RL.1.2,q4-hint.mp3,<speak>Here's a hint! What happened at the beginning before he learned?</speak>,"Read this like a cheerful, clear elementary school teacher reading to a small child:"
RL.1.2,q5.mp3,<speak> Sara told a lie about breaking the vase. She felt bad all day. She told the truth and felt much better..<break time='1s'/> <emphasis level='moderate'>What is the lesson?</emphasis><break time='800ms'/> Vases break easily? <break time='600ms'/> Lying makes you feel bad? <break time='600ms'/> Parents get angry? <break time='600ms'/> or Don't touch vases? <break time=\'400ms\'/> What do you think?</speak>,"Read this like a cheerful, clear elementary school teacher reading to a small child:"
RL.1.2,q5-hint.mp3,<speak>Here's a hint! How did Sara feel after she told the truth vs. the lie?</speak>,"Read this like a cheerful, clear elementary school teacher reading to a small child:"
RL.1.3,q1.mp3,<speak> The kind old woman lived in a tiny cottage by the sea. She fed the birds every morning..<break time='1s'/> <emphasis level='moderate'>Where does the story take place?</emphasis><break time='800ms'/> In a city? <break time='600ms'/> By the sea? <break time='600ms'/> In the mountains? <break time='600ms'/> or In a forest? <break time=\'400ms\'/> What do you think?</speak>,"Read this like a cheerful, clear elementary school teacher reading to a small child:"
RL.1.3,q1-hint.mp3,<speak>Here's a hint! Look for the words that tell you where the woman lives.</speak>,"Read this like a cheerful, clear elementary school teacher reading to a small child:"
RL.1.3,q2.mp3,<speak> Ben was always helping others. He carried bags for his neighbor and shared his lunch with friends..<break time='1s'/> <emphasis level='moderate'>What word best describes Ben?</emphasis><break time='800ms'/> Lazy? <break time='600ms'/> Kind? <break time='600ms'/> Shy? <break time='600ms'/> or Funny? <break time=\'400ms\'/> What do you think?</speak>,"Read this like a cheerful, clear elementary school teacher reading to a small child:"
RL.1.3,q2-hint.mp3,<speak>Here's a hint! Think about what Ben does . <break time='500ms'/> helping and sharing.</speak>,"Read this like a cheerful, clear elementary school teacher reading to a small child:"
RL.1.3,q3.mp3,"<speak> It was a dark and stormy night. The wind howled outside the old barn..<break time='1s'/> <emphasis level='moderate'>What is the setting?</emphasis><break time='800ms'/> A sunny beach? <break time='600ms'/> A dark, stormy barn? <break time='600ms'/> A busy school? <break time='600ms'/> or A quiet park? <break time=\'400ms\'/> What do you think?</speak>","Read this like a cheerful, clear elementary school teacher reading to a small child:"
RL.1.3,q3-hint.mp3,<speak>Here's a hint! The setting is WHERE and WHEN the story happens.</speak>,"Read this like a cheerful, clear elementary school teacher reading to a small child:"
RL.1.3,q4.mp3,<speak> Rosa found a lost puppy. She gave it water and food. Then she found its owner..<break time='1s'/> <emphasis level='moderate'>What was the major event?</emphasis><break time='800ms'/> Rosa went to school? <break time='600ms'/> Rosa found a lost puppy? <break time='600ms'/> Rosa ate lunch? <break time='600ms'/> or Rosa played outside? <break time=\'400ms\'/> What do you think?</speak>,"Read this like a cheerful, clear elementary school teacher reading to a small child:"
RL.1.3,q4-hint.mp3,<speak>Here's a hint! What is the most important thing that happened?</speak>,"Read this like a cheerful, clear elementary school teacher reading to a small child:"
RL.1.3,q5.mp3,<speak> Grumpy Gus never smiled. He frowned at everyone. One day a little girl gave him a flower and he finally smiled..<break time='1s'/> <emphasis level='moderate'>How does Gus change in the story?</emphasis><break time='800ms'/> He gets angrier? <break time='600ms'/> He goes from grumpy to happy? <break time='600ms'/> He falls asleep? <break time='600ms'/> or He runs away? <break time=\'400ms\'/> What do you think?</speak>,"Read this like a cheerful, clear elementary school teacher reading to a small child:"
RL.1.3,q5-hint.mp3,<speak>Here's a hint! How is Gus different at the end compared to the beginning?</speak>,"Read this like a cheerful, clear elementary school teacher reading to a small child:"
RL.1.4,q1.mp3,<speak> The bright sun warmed her face..<break time='1s'/> <emphasis level='moderate'>Which word helps you feel the sun?</emphasis><break time='800ms'/> Sun? <break time='600ms'/> Bright? <break time='600ms'/> Her? <break time='600ms'/> or Face? <break time=\'400ms\'/> What do you think?</speak>,"Read this like a cheerful, clear elementary school teacher reading to a small child:"
RL.1.4,q1-hint.mp3,<speak>Here's a hint! Which word helps you imagine what the sun looks and feels like?</speak>,"Read this like a cheerful, clear elementary school teacher reading to a small child:"
RL.1.4,q2.mp3,<speak> The puppy whimpered softly in the rain..<break time='1s'/> <emphasis level='moderate'>How does the puppy probably feel?</emphasis><break time='800ms'/> Happy? <break time='600ms'/> Excited? <break time='600ms'/> Sad or scared? <break time='600ms'/> or Angry? <break time=\'400ms\'/> What do you think?</speak>,"Read this like a cheerful, clear elementary school teacher reading to a small child:"
RL.1.4,q2-hint.mp3,<speak>Here's a hint! What does 'whimpered' sound like? Happy or sad?</speak>,"Read this like a cheerful, clear elementary school teacher reading to a small child:"
RL.1.4,q3.mp3,<speak> The cookies smelled sweet and warm from the oven..<break time='1s'/> <emphasis level='moderate'>Which words appeal to your sense of smell?</emphasis><break time='800ms'/> Cookies and oven? <break time='600ms'/> Sweet and warm? <break time='600ms'/> The and from? <break time='600ms'/> or Smelled and the? <break time=\'400ms\'/> What do you think?</speak>,"Read this like a cheerful, clear elementary school teacher reading to a small child:"
RL.1.4,q3-hint.mp3,<speak>Here's a hint! Which words describe how the cookies smell?</speak>,"Read this like a cheerful, clear elementary school teacher reading to a small child:"
RL.1.4,q4.mp3,<speak> Jake stomped his feet and crossed his arms..<break time='1s'/> <emphasis level='moderate'>How does Jake feel?</emphasis><break time='800ms'/> Happy? <break time='600ms'/> Angry? <break time='600ms'/> Tired? <break time='600ms'/> or Silly? <break time=\'400ms\'/> What do you think?</speak>,"Read this like a cheerful, clear elementary school teacher reading to a small child:"
RL.1.4,q4-hint.mp3,"<speak>Here's a hint! When people stomp and cross their arms, how do they usually feel?</speak>","Read this like a cheerful, clear elementary school teacher reading to a small child:"
RL.1.4,q5.mp3,"<speak> The soft, fluffy blanket kept her cozy all night..<break time='1s'/> <emphasis level='moderate'>Which words help you imagine how the blanket feels?</emphasis><break time='800ms'/> Kept and night? <break time='600ms'/> Soft and fluffy? <break time='600ms'/> Her and all? <break time='600ms'/> or Blanket and cozy? <break time=\'400ms\'/> What do you think?</speak>","Read this like a cheerful, clear elementary school teacher reading to a small child:"
RL.1.4,q5-hint.mp3,<speak>Here's a hint! Which words describe what the blanket feels like when you touch it?</speak>,"Read this like a cheerful, clear elementary school teacher reading to a small child:"
RL.1.5,q1.mp3,<speak> <emphasis level='moderate'>A book about a talking rabbit who goes on an adventure is what type of book?</emphasis><break time='800ms'/> Informational? <break time='600ms'/> Storybook? <break time='600ms'/> Dictionary? <break time='600ms'/> or Cookbook? <break time=\'400ms\'/> What do you think?</speak>,"Read this like a cheerful, clear elementary school teacher reading to a small child:"
RL.1.5,q1-hint.mp3,"<speak>Here's a hint! Can rabbits really talk? If it's made up, it's a story.</speak>","Read this like a cheerful, clear elementary school teacher reading to a small child:"
RL.1.5,q2.mp3,<speak> <emphasis level='moderate'>A book with facts about how plants grow is what type of book?</emphasis><break time='800ms'/> Storybook? <break time='600ms'/> Poem? <break time='600ms'/> Informational book? <break time='600ms'/> or Fairy tale? <break time=\'400ms\'/> What do you think?</speak>,"Read this like a cheerful, clear elementary school teacher reading to a small child:"
RL.1.5,q2-hint.mp3,<speak>Here's a hint! Does this book teach real facts or tell a made-up story?</speak>,"Read this like a cheerful, clear elementary school teacher reading to a small child:"
RL.1.5,q3.mp3,<speak> <emphasis level='moderate'>Which is TRUE about storybooks?</emphasis><break time='800ms'/> They have only facts? <break time='600ms'/> They have made-up characters and events? <break time='600ms'/> They are always short? <break time='600ms'/> or They don't have pictures? <break time=\'400ms\'/> What do you think?</speak>,"Read this like a cheerful, clear elementary school teacher reading to a small child:"
RL.1.5,q3-hint.mp3,<speak>Here's a hint! Stories come from someone's imagination.</speak>,"Read this like a cheerful, clear elementary school teacher reading to a small child:"
RL.1.5,q4.mp3,<speak> <emphasis level='moderate'>Which is TRUE about informational books?</emphasis><break time='800ms'/> They have made-up characters? <break time='600ms'/> They teach real facts? <break time='600ms'/> They are always funny? <break time='600ms'/> or They have talking animals? <break time=\'400ms\'/> What do you think?</speak>,"Read this like a cheerful, clear elementary school teacher reading to a small child:"
RL.1.5,q4-hint.mp3,<speak>Here's a hint! Informational means it gives you real information.</speak>,"Read this like a cheerful, clear elementary school teacher reading to a small child:"
RL.1.5,q5.mp3,"<speak> <emphasis level='moderate'>Once upon a time, a brave knight saved a dragon. Is this from a story or an informational book?</emphasis><break time='800ms'/> Informational book? <break time='600ms'/> Story? <break time='600ms'/> Textbook? <break time='600ms'/> or News article? <break time=\'400ms\'/> What do you think?</speak>","Read this like a cheerful, clear elementary school teacher reading to a small child:"
RL.1.5,q5-hint.mp3,<speak>Here's a hint! 'Once upon a time' is a clue! Real fact books don't start this way.</speak>,"Read this like a cheerful, clear elementary school teacher reading to a small child:"
RL.1.6,q1.mp3,<speak> I went to the store with my mom. I picked out a red apple..<break time='1s'/> <emphasis level='moderate'>Who is telling this story?</emphasis><break time='800ms'/> Mom? <break time='600ms'/> The store owner? <break time='600ms'/> The child (I)? <break time='600ms'/> or A teacher? <break time=\'400ms\'/> What do you think?</speak>,"Read this like a cheerful, clear elementary school teacher reading to a small child:"
RL.1.6,q1-hint.mp3,<speak>Here's a hint! Listen to the word 'I' . <break time='500ms'/> who is the 'I' in the story?</speak>,"Read this like a cheerful, clear elementary school teacher reading to a small child:"
RL.1.6,q2.mp3,<speak> Sam ran to the park. He played on the swings..<break time='1s'/> <emphasis level='moderate'>Who is telling this story?</emphasis><break time='800ms'/> Sam is telling it? <break time='600ms'/> A narrator outside the story? <break time='600ms'/> Sam's friend? <break time='600ms'/> or Sam's mom? <break time=\'400ms\'/> What do you think?</speak>,"Read this like a cheerful, clear elementary school teacher reading to a small child:"
RL.1.6,q2-hint.mp3,<speak>Here's a hint! The story says 'He' not 'I' . <break time='500ms'/> someone else is telling us about Sam.</speak>,"Read this like a cheerful, clear elementary school teacher reading to a small child:"
RL.1.6,q3.mp3,<speak> 'I love pizza!' said Maria..<break time='1s'/> <emphasis level='moderate'>Who is speaking?</emphasis><break time='800ms'/> The narrator? <break time='600ms'/> Maria? <break time='600ms'/> The pizza maker? <break time='600ms'/> or Maria's mom? <break time=\'400ms\'/> What do you think?</speak>,"Read this like a cheerful, clear elementary school teacher reading to a small child:"
RL.1.6,q3-hint.mp3,<speak>Here's a hint! Listen to the words inside the quotation marks and who 'said' them.</speak>,"Read this like a cheerful, clear elementary school teacher reading to a small child:"
RL.1.6,q4.mp3,"<speak> <emphasis level='moderate'>If a story uses the words 'I' and 'my,' who is telling it?</emphasis><break time='800ms'/> Someone outside the story? <break time='600ms'/> A character in the story? <break time='600ms'/> The author only? <break time='600ms'/> or No one? <break time=\'400ms\'/> What do you think?</speak>","Read this like a cheerful, clear elementary school teacher reading to a small child:"
RL.1.6,q4-hint.mp3,"<speak>Here's a hint! When you see 'I' and 'my,' a character is talking about themselves.</speak>","Read this like a cheerful, clear elementary school teacher reading to a small child:"
RL.1.6,q5.mp3,<speak> 'Let's go!' shouted Tom. 'Wait for me!' called Lily..<break time='1s'/> <emphasis level='moderate'>Who says 'Wait for me'?</emphasis><break time='800ms'/> Tom? <break time='600ms'/> Lily? <break time='600ms'/> The narrator? <break time='600ms'/> or The teacher? <break time=\'400ms\'/> What do you think?</speak>,"Read this like a cheerful, clear elementary school teacher reading to a small child:"
RL.1.6,q5-hint.mp3,<speak>Here's a hint! Look at who 'called' those words.</speak>,"Read this like a cheerful, clear elementary school teacher reading to a small child:"
RL.1.7,q1.mp3,"<speak> <emphasis level='moderate'>If a picture shows a girl with a big smile and a trophy, how does the girl probably feel?</emphasis><break time='800ms'/> Sad? <break time='600ms'/> Proud and happy? <break time='600ms'/> Scared? <break time='600ms'/> or Bored? <break time=\'400ms\'/> What do you think?</speak>","Read this like a cheerful, clear elementary school teacher reading to a small child:"
RL.1.7,q1-hint.mp3,<speak>Here's a hint! What do smiles and trophies usually mean?</speak>,"Read this like a cheerful, clear elementary school teacher reading to a small child:"
RL.1.7,q2.mp3,<speak> <emphasis level='moderate'>A picture shows snow on the ground and kids wearing coats. What season is it?</emphasis><break time='800ms'/> Summer? <break time='600ms'/> Spring? <break time='600ms'/> Winter? <break time='600ms'/> or Fall? <break time=\'400ms\'/> What do you think?</speak>,"Read this like a cheerful, clear elementary school teacher reading to a small child:"
RL.1.7,q2-hint.mp3,<speak>Here's a hint! Snow and coats are clues about the season.</speak>,"Read this like a cheerful, clear elementary school teacher reading to a small child:"
RL.1.7,q3.mp3,<speak> <emphasis level='moderate'>The story says 'The dog was big.' The picture shows a dog as tall as the boy. What do we learn from the picture?</emphasis><break time='800ms'/> The dog is small? <break time='600ms'/> The dog is as tall as the boy? <break time='600ms'/> The dog is sleeping? <break time='600ms'/> or The dog is brown? <break time=\'400ms\'/> What do you think?</speak>,"Read this like a cheerful, clear elementary school teacher reading to a small child:"
RL.1.7,q3-hint.mp3,<speak>Here's a hint! The picture gives us more detail than just 'big.'</speak>,"Read this like a cheerful, clear elementary school teacher reading to a small child:"
RL.1.7,q4.mp3,<speak> <emphasis level='moderate'>Why are pictures in stories helpful?</emphasis><break time='800ms'/> They make the book heavier? <break time='600ms'/> They show us what characters and places look like? <break time='600ms'/> They are just for fun? <break time='600ms'/> or They replace the words? <break time=\'400ms\'/> What do you think?</speak>,"Read this like a cheerful, clear elementary school teacher reading to a small child:"
RL.1.7,q4-hint.mp3,<speak>Here's a hint! Pictures give us extra information the words might not say.</speak>,"Read this like a cheerful, clear elementary school teacher reading to a small child:"
RL.1.7,q5.mp3,<speak> <emphasis level='moderate'>A picture shows a boy with tears on his face standing next to a broken toy. How does the boy feel?</emphasis><break time='800ms'/> Excited? <break time='600ms'/> Sad? <break time='600ms'/> Tired? <break time='600ms'/> or Hungry? <break time=\'400ms\'/> What do you think?</speak>,"Read this like a cheerful, clear elementary school teacher reading to a small child:"
RL.1.7,q5-hint.mp3,<speak>Here's a hint! Tears and a broken toy . <break time='500ms'/> what feeling does that show?</speak>,"Read this like a cheerful, clear elementary school teacher reading to a small child:"
RL.1.9,q1.mp3,<speak> <emphasis level='moderate'>Story 1: A bear looks for honey. Story 2: A bee makes honey. What do both stories have in common?</emphasis><break time='800ms'/> Both are about bears? <break time='600ms'/> Both are about honey? <break time='600ms'/> Both are about bees? <break time='600ms'/> or Both are about the forest? <break time=\'400ms\'/> What do you think?</speak>,"Read this like a cheerful, clear elementary school teacher reading to a small child:"
RL.1.9,q1-hint.mp3,<speak>Here's a hint! What topic do both stories share?</speak>,"Read this like a cheerful, clear elementary school teacher reading to a small child:"
RL.1.9,q2.mp3,<speak> <emphasis level='moderate'>Story 1: Amy is brave and climbs a mountain. Story 2: Bob is brave and swims across a lake. How are Amy and Bob alike?</emphasis><break time='800ms'/> They both climb? <break time='600ms'/> They both swim? <break time='600ms'/> They are both brave? <break time='600ms'/> or They are both scared? <break time=\'400ms\'/> What do you think?</speak>,"Read this like a cheerful, clear elementary school teacher reading to a small child:"
RL.1.9,q2-hint.mp3,<speak>Here's a hint! What trait do both characters share?</speak>,"Read this like a cheerful, clear elementary school teacher reading to a small child:"
RL.1.9,q3.mp3,"<speak> <emphasis level='moderate'>Story 1: The cat stays inside all day. Story 2: The dog plays outside all day. How are the cat and dog DIFFERENT?</emphasis><break time='800ms'/> One stays inside, one goes outside? <break time='600ms'/> Both stay inside? <break time='600ms'/> Both go outside? <break time='600ms'/> or One is big, one is small? <break time=\'400ms\'/> What do you think?</speak>","Read this like a cheerful, clear elementary school teacher reading to a small child:"
RL.1.9,q3-hint.mp3,<speak>Here's a hint! Where does each animal spend the day?</speak>,"Read this like a cheerful, clear elementary school teacher reading to a small child:"
RL.1.9,q4.mp3,"<speak> When we COMPARE two characters, we look for ways they are: Different The same Funny.<break time='1s'/> <emphasis level='moderate'>or Sad?</emphasis><break time='800ms'/> What do you think?</speak>","Read this like a cheerful, clear elementary school teacher reading to a small child:"
RL.1.9,q4-hint.mp3,<speak>Here's a hint! Compare means to find what's similar.</speak>,"Read this like a cheerful, clear elementary school teacher reading to a small child:"
RL.1.9,q5.mp3,"<speak> When we CONTRAST two characters, we look for ways they are: The same Different Happy.<break time='1s'/> <emphasis level='moderate'>or Tall?</emphasis><break time='800ms'/> What do you think?</speak>","Read this like a cheerful, clear elementary school teacher reading to a small child:"
RL.1.9,q5-hint.mp3,<speak>Here's a hint! Contrast means to find what's not the same.</speak>,"Read this like a cheerful, clear elementary school teacher reading to a small child:"
RI.1.1,q1.mp3,"<speak> Penguins live in very cold places. They cannot fly, but they are great swimmers..<break time='1s'/> <emphasis level='moderate'>Where do penguins live?</emphasis><break time='800ms'/> In hot places? <break time='600ms'/> In very cold places? <break time='600ms'/> In the forest? <break time='600ms'/> or In the desert? <break time=\'400ms\'/> What do you think?</speak>","Read this like a cheerful, clear elementary school teacher reading to a small child:"
RI.1.1,q1-hint.mp3,<speak>Here's a hint! The first sentence tells you where penguins live.</speak>,"Read this like a cheerful, clear elementary school teacher reading to a small child:"
RI.1.1,q2.mp3,<speak> Bees make honey. They live together in a hive. A queen bee leads the group..<break time='1s'/> <emphasis level='moderate'>Who leads the bees?</emphasis><break time='800ms'/> A king bee? <break time='600ms'/> A worker bee? <break time='600ms'/> A queen bee? <break time='600ms'/> or A baby bee? <break time=\'400ms\'/> What do you think?</speak>,"Read this like a cheerful, clear elementary school teacher reading to a small child:"
RI.1.1,q2-hint.mp3,<speak>Here's a hint! The last sentence tells you who leads.</speak>,"Read this like a cheerful, clear elementary school teacher reading to a small child:"
RI.1.1,q3.mp3,"<speak> The sun is a star. It gives Earth light and heat. Without the sun, Earth would be very cold..<break time='1s'/> <emphasis level='moderate'>What does the sun give Earth?</emphasis><break time='800ms'/> Water and food? <break time='600ms'/> Light and heat? <break time='600ms'/> Wind and rain? <break time='600ms'/> or Snow and ice? <break time=\'400ms\'/> What do you think?</speak>","Read this like a cheerful, clear elementary school teacher reading to a small child:"
RI.1.1,q3-hint.mp3,<speak>Here's a hint! Listen to the second sentence carefully.</speak>,"Read this like a cheerful, clear elementary school teacher reading to a small child:"
RI.1.1,q4.mp3,"<speak> Dogs need fresh water every day. They also need food and exercise to stay healthy..<break time='1s'/> <emphasis level='moderate'>What do dogs need to stay healthy?</emphasis><break time='800ms'/> Just water? <break time='600ms'/> Just food? <break time='600ms'/> Water, food, and exercise? <break time='600ms'/> or Only exercise? <break time=\'400ms\'/> What do you think?</speak>","Read this like a cheerful, clear elementary school teacher reading to a small child:"
RI.1.1,q4-hint.mp3,<speak>Here's a hint! Both sentences tell you what dogs need.</speak>,"Read this like a cheerful, clear elementary school teacher reading to a small child:"
RI.1.1,q5.mp3,"<speak> Frogs start as eggs in the water. Then they become tadpoles. Finally, they grow into frogs..<break time='1s'/> <emphasis level='moderate'>What comes AFTER the egg stage?</emphasis><break time='800ms'/> Adult frog? <break time='600ms'/> Tadpole? <break time='600ms'/> Baby bird? <break time='600ms'/> or Fish? <break time=\'400ms\'/> What do you think?</speak>","Read this like a cheerful, clear elementary school teacher reading to a small child:"
RI.1.1,q5-hint.mp3,"<speak>Here's a hint! Listen to the order: eggs, then what?</speak>","Read this like a cheerful, clear elementary school teacher reading to a small child:"
RI.1.2,q1.mp3,"<speak> Apples can be red, green, or yellow. They grow on trees. Apples are a healthy snack..<break time='1s'/> <emphasis level='moderate'>What is the main topic?</emphasis><break time='800ms'/> Trees? <break time='600ms'/> Colors? <break time='600ms'/> Apples? <break time='600ms'/> or Snacks? <break time=\'400ms\'/> What do you think?</speak>","Read this like a cheerful, clear elementary school teacher reading to a small child:"
RI.1.2,q1-hint.mp3,<speak>Here's a hint! Every sentence is about the same thing . <break time='500ms'/> what is it?</speak>,"Read this like a cheerful, clear elementary school teacher reading to a small child:"
RI.1.2,q2.mp3,<speak> Firefighters wear special gear. They drive fire trucks. They put out fires and help people..<break time='1s'/> <emphasis level='moderate'>What is the main topic?</emphasis><break time='800ms'/> Trucks? <break time='600ms'/> Firefighters? <break time='600ms'/> Gear? <break time='600ms'/> or Buildings? <break time=\'400ms\'/> What do you think?</speak>,"Read this like a cheerful, clear elementary school teacher reading to a small child:"
RI.1.2,q2-hint.mp3,<speak>Here's a hint! What is every sentence about?</speak>,"Read this like a cheerful, clear elementary school teacher reading to a small child:"
RI.1.2,q3.mp3,<speak> Cats are popular pets. They like to sleep a lot. Cats clean themselves by licking their fur..<break time='1s'/> <emphasis level='moderate'>Which is a key detail?</emphasis><break time='800ms'/> Cats can fly? <break time='600ms'/> Cats clean themselves by licking? <break time='600ms'/> Cats live in water? <break time='600ms'/> or Cats are very big? <break time=\'400ms\'/> What do you think?</speak>,"Read this like a cheerful, clear elementary school teacher reading to a small child:"
RI.1.2,q3-hint.mp3,<speak>Here's a hint! Which fact was actually in the passage?</speak>,"Read this like a cheerful, clear elementary school teacher reading to a small child:"
RI.1.2,q4.mp3,"<speak> The ocean is full of salt water. Many animals live in the ocean. Whales, fish, and dolphins swim there..<break time='1s'/> <emphasis level='moderate'>What is the main topic?</emphasis><break time='800ms'/> Salt? <break time='600ms'/> Whales? <break time='600ms'/> The ocean? <break time='600ms'/> or Swimming? <break time=\'400ms\'/> What do you think?</speak>","Read this like a cheerful, clear elementary school teacher reading to a small child:"
RI.1.2,q4-hint.mp3,<speak>Here's a hint! All the sentences tell us about the same place.</speak>,"Read this like a cheerful, clear elementary school teacher reading to a small child:"
RI.1.2,q5.mp3,<speak> Teeth are important. You should brush them twice a day. Eating too much candy can hurt your teeth..<break time='1s'/> <emphasis level='moderate'>Which is a key detail?</emphasis><break time='800ms'/> Brush teeth once a week? <break time='600ms'/> Never eat candy? <break time='600ms'/> Brush teeth twice a day? <break time='600ms'/> or Teeth are not important? <break time=\'400ms\'/> What do you think?</speak>,"Read this like a cheerful, clear elementary school teacher reading to a small child:"
RI.1.2,q5-hint.mp3,<speak>Here's a hint! Listen to the second sentence for a key detail.</speak>,"Read this like a cheerful, clear elementary school teacher reading to a small child:"
RI.1.3,q1.mp3,"<speak> It rained all day. The next morning, puddles were everywhere..<break time='1s'/> <emphasis level='moderate'>Why were there puddles?</emphasis><break time='800ms'/> Someone spilled water? <break time='600ms'/> It rained all day? <break time='600ms'/> The sprinklers were on? <break time='600ms'/> or Snow melted? <break time=\'400ms\'/> What do you think?</speak>","Read this like a cheerful, clear elementary school teacher reading to a small child:"
RI.1.3,q1-hint.mp3,<speak>Here's a hint! What happened first that caused the puddles?</speak>,"Read this like a cheerful, clear elementary school teacher reading to a small child:"
RI.1.3,q2.mp3,"<speak> Seeds need water and sunlight to grow. A farmer waters the seeds every day. Soon, small plants appear..<break time='1s'/> <emphasis level='moderate'>Why do small plants appear?</emphasis><break time='800ms'/> The wind blows? <break time='600ms'/> The farmer waters them? <break time='600ms'/> It snows? <break time='600ms'/> or The farmer sings to them? <break time=\'400ms\'/> What do you think?</speak>","Read this like a cheerful, clear elementary school teacher reading to a small child:"
RI.1.3,q2-hint.mp3,<speak>Here's a hint! What does the farmer do that helps the seeds?</speak>,"Read this like a cheerful, clear elementary school teacher reading to a small child:"
RI.1.3,q3.mp3,"<speak> Bears eat a lot in the fall. In winter, they hibernate and sleep for months..<break time='1s'/> <emphasis level='moderate'>Why do bears eat a lot in fall?</emphasis><break time='800ms'/> They are bored? <break time='600ms'/> To get ready for winter sleep? <break time='600ms'/> They like fall food? <break time='600ms'/> or To grow taller? <break time=\'400ms\'/> What do you think?</speak>","Read this like a cheerful, clear elementary school teacher reading to a small child:"
RI.1.3,q3-hint.mp3,<speak>Here's a hint! What happens AFTER they eat a lot?</speak>,"Read this like a cheerful, clear elementary school teacher reading to a small child:"
RI.1.3,q4.mp3,<speak> George Washington was the first president. He led the army before that..<break time='1s'/> <emphasis level='moderate'>What did Washington do BEFORE being president?</emphasis><break time='800ms'/> He was a teacher? <break time='600ms'/> He led the army? <break time='600ms'/> He was a farmer only? <break time='600ms'/> or He was a doctor? <break time=\'400ms\'/> What do you think?</speak>,"Read this like a cheerful, clear elementary school teacher reading to a small child:"
RI.1.3,q4-hint.mp3,<speak>Here's a hint! The second sentence tells what he did before.</speak>,"Read this like a cheerful, clear elementary school teacher reading to a small child:"
RI.1.3,q5.mp3,"<speak> The caterpillar eats lots of leaves. Then it makes a cocoon. Later, it becomes a butterfly..<break time='1s'/> <emphasis level='moderate'>What happens RIGHT AFTER the caterpillar eats leaves?</emphasis><break time='800ms'/> It flies away? <break time='600ms'/> It makes a cocoon? <break time='600ms'/> It becomes a butterfly? <break time='600ms'/> or It sleeps in a tree? <break time=\'400ms\'/> What do you think?</speak>","Read this like a cheerful, clear elementary school teacher reading to a small child:"
RI.1.3,q5-hint.mp3,"<speak>Here's a hint! Follow the order: eats, then what?</speak>","Read this like a cheerful, clear elementary school teacher reading to a small child:"
RI.1.4,q1.mp3,"<speak> Hibernation is a long, deep sleep that some animals take in winter..<break time='1s'/> <emphasis level='moderate'>What does hibernation mean?</emphasis><break time='800ms'/> Does it mean... Running fast? <break time='600ms'/> A long winter sleep? <break time='600ms'/> Eating a lot? <break time='600ms'/> or Playing in snow? <break time=\'400ms\'/> What do you think?</speak>","Read this like a cheerful, clear elementary school teacher reading to a small child:"
RI.1.4,q1-hint.mp3,<speak>Here's a hint! The sentence tells you the meaning right after the word.</speak>,"Read this like a cheerful, clear elementary school teacher reading to a small child:"
RI.1.4,q2.mp3,<speak> The enormous elephant was the biggest animal at the zoo..<break time='1s'/> <emphasis level='moderate'>What does enormous mean?</emphasis><break time='800ms'/> Does it mean... Tiny? <break time='600ms'/> Fast? <break time='600ms'/> Very big? <break time='600ms'/> or Quiet? <break time=\'400ms\'/> What do you think?</speak>,"Read this like a cheerful, clear elementary school teacher reading to a small child:"
RI.1.4,q2-hint.mp3,<speak>Here's a hint! The sentence says 'biggest' . <break time='500ms'/> that's a clue.</speak>,"Read this like a cheerful, clear elementary school teacher reading to a small child:"
RI.1.4,q3.mp3,<speak> Nocturnal animals are awake at night and sleep during the day..<break time='1s'/> <emphasis level='moderate'>What does nocturnal mean?</emphasis><break time='800ms'/> Does it mean... Active at night? <break time='600ms'/> Active during the day? <break time='600ms'/> Always sleeping? <break time='600ms'/> or Very loud? <break time=\'400ms\'/> What do you think?</speak>,"Read this like a cheerful, clear elementary school teacher reading to a small child:"
RI.1.4,q3-hint.mp3,<speak>Here's a hint! The sentence explains when nocturnal animals are awake.</speak>,"Read this like a cheerful, clear elementary school teacher reading to a small child:"
RI.1.4,q4.mp3,<speak> The habitat is the place where an animal lives. A fish's habitat is water..<break time='1s'/> <emphasis level='moderate'>What is a habitat?</emphasis><break time='800ms'/> An animal's food? <break time='600ms'/> The place where an animal lives? <break time='600ms'/> An animal's name? <break time='600ms'/> or A type of weather? <break time=\'400ms\'/> What do you think?</speak>,"Read this like a cheerful, clear elementary school teacher reading to a small child:"
RI.1.4,q4-hint.mp3,<speak>Here's a hint! The first sentence defines the word for you.</speak>,"Read this like a cheerful, clear elementary school teacher reading to a small child:"
RI.1.4,q5.mp3,<speak> The cheetah sprinted across the field. It was the fastest animal there..<break time='1s'/> <emphasis level='moderate'>What does sprinted mean?</emphasis><break time='800ms'/> Does it mean... Walked slowly? <break time='600ms'/> Ran very fast? <break time='600ms'/> Sat down? <break time='600ms'/> or Jumped high? <break time=\'400ms\'/> What do you think?</speak>,"Read this like a cheerful, clear elementary school teacher reading to a small child:"
RI.1.4,q5-hint.mp3,<speak>Here's a hint! The next sentence says 'fastest' . <break time='500ms'/> that's your clue.</speak>,"Read this like a cheerful, clear elementary school teacher reading to a small child:"
RI.1.5,q1.mp3,<speak> <emphasis level='moderate'>Where would you look to find what page a chapter starts on?</emphasis><break time='800ms'/> The glossary? <break time='600ms'/> The table of contents? <break time='600ms'/> The index? <break time='600ms'/> or The cover? <break time=\'400ms\'/> What do you think?</speak>,"Read this like a cheerful, clear elementary school teacher reading to a small child:"
RI.1.5,q1-hint.mp3,<speak>Here's a hint! The table of contents lists chapters and their page numbers.</speak>,"Read this like a cheerful, clear elementary school teacher reading to a small child:"
RI.1.5,q2.mp3,<speak> <emphasis level='moderate'>What does a heading at the top of a page tell you?</emphasis><break time='800ms'/> Who wrote the book? <break time='600ms'/> What that section is about? <break time='600ms'/> How many pages are left? <break time='600ms'/> or When the book was made? <break time=\'400ms\'/> What do you think?</speak>,"Read this like a cheerful, clear elementary school teacher reading to a small child:"
RI.1.5,q2-hint.mp3,<speak>Here's a hint! Headings are like titles for each section.</speak>,"Read this like a cheerful, clear elementary school teacher reading to a small child:"
RI.1.5,q3.mp3,<speak> A glossary in the back of a book helps you: Find pictures Learn word meanings Find the author's name.<break time='1s'/> <emphasis level='moderate'>or Count the pages?</emphasis><break time='800ms'/> What do you think?</speak>,"Read this like a cheerful, clear elementary school teacher reading to a small child:"
RI.1.5,q3-hint.mp3,<speak>Here's a hint! A glossary is like a mini dictionary at the back.</speak>,"Read this like a cheerful, clear elementary school teacher reading to a small child:"
RI.1.5,q4.mp3,"<speak> If a word in a book is in bold (dark, thick letters), it probably means: Skip that word It is not important It is an important word to know.<break time='1s'/> <emphasis level='moderate'>or It is a mistake?</emphasis><break time='800ms'/> What do you think?</speak>","Read this like a cheerful, clear elementary school teacher reading to a small child:"
RI.1.5,q4-hint.mp3,<speak>Here's a hint! Authors make words bold to show they are important.</speak>,"Read this like a cheerful, clear elementary school teacher reading to a small child:"
RI.1.5,q5.mp3,<speak>You want to learn about 'Polar Bears' in a book about animals. Where do you look first? ... Listen to the whole book ... Check the table of contents or index ... Listen to the back cover ... or Listen to the last page? ... What do you think?</speak>,"Read this like a cheerful, clear elementary school teacher reading to a small child:"
RI.1.5,q5-hint.mp3,<speak>Here's a hint! Use text features to find topics quickly without reading everything.</speak>,"Read this like a cheerful, clear elementary school teacher reading to a small child:"
RI.1.6,q1.mp3,<speak> <emphasis level='moderate'>The text says 'Ladybugs are small insects.' The picture shows a ladybug on a green leaf. What does the PICTURE tell us that the words do NOT?</emphasis><break time='800ms'/> Ladybugs are insects? <break time='600ms'/> Ladybugs are small? <break time='600ms'/> The ladybug is on a green leaf? <break time='600ms'/> or Ladybugs are bugs? <break time=\'400ms\'/> What do you think?</speak>,"Read this like a cheerful, clear elementary school teacher reading to a small child:"
RI.1.6,q1-hint.mp3,<speak>Here's a hint! What extra detail do you see in the picture that the words don't say?</speak>,"Read this like a cheerful, clear elementary school teacher reading to a small child:"
RI.1.6,q2.mp3,<speak> <emphasis level='moderate'>What can pictures in a book show that words cannot?</emphasis><break time='800ms'/> Exact colors and shapes? <break time='600ms'/> Sounds? <break time='600ms'/> Smells? <break time='600ms'/> or Feelings? <break time=\'400ms\'/> What do you think?</speak>,"Read this like a cheerful, clear elementary school teacher reading to a small child:"
RI.1.6,q2-hint.mp3,<speak>Here's a hint! Pictures let you SEE things . <break time='500ms'/> what can you see that's hard to describe?</speak>,"Read this like a cheerful, clear elementary school teacher reading to a small child:"
RI.1.6,q3.mp3,<speak> <emphasis level='moderate'>The words say 'The bird has feathers.' The picture shows a bright blue bird. What does the picture add?</emphasis><break time='800ms'/> Birds have feathers? <break time='600ms'/> The bird is blue? <break time='600ms'/> Birds can fly? <break time='600ms'/> or Birds eat seeds? <break time=\'400ms\'/> What do you think?</speak>,"Read this like a cheerful, clear elementary school teacher reading to a small child:"
RI.1.6,q3-hint.mp3,<speak>Here's a hint! The words didn't mention the color . <break time='500ms'/> where did you learn that?</speak>,"Read this like a cheerful, clear elementary school teacher reading to a small child:"
RI.1.6,q4.mp3,<speak> <emphasis level='moderate'>A diagram shows the parts of a flower with labels. What does a diagram help you do?</emphasis><break time='800ms'/> Hear the flower? <break time='600ms'/> Smell the flower? <break time='600ms'/> See and name the parts? <break time='600ms'/> or Touch the flower? <break time=\'400ms\'/> What do you think?</speak>,"Read this like a cheerful, clear elementary school teacher reading to a small child:"
RI.1.6,q4-hint.mp3,<speak>Here's a hint! Diagrams use pictures AND labels to teach you about parts.</speak>,"Read this like a cheerful, clear elementary school teacher reading to a small child:"
RI.1.6,q5.mp3,<speak> The words say 'The house was old.' The picture shows a house with broken windows and peeling paint. The PICTURE tells us: The house is new HOW the house looks old The house is big.<break time='1s'/> <emphasis level='moderate'>or Someone lives there?</emphasis><break time='800ms'/> What do you think?</speak>,"Read this like a cheerful, clear elementary school teacher reading to a small child:"
RI.1.6,q5-hint.mp3,<speak>Here's a hint! The picture shows details about what 'old' looks like.</speak>,"Read this like a cheerful, clear elementary school teacher reading to a small child:"
RI.1.7,q1.mp3,<speak> A book about seasons shows a picture of trees with no leaves and snow on the ground. This picture shows: Summer Spring Winter.<break time='1s'/> <emphasis level='moderate'>or Fall?</emphasis><break time='800ms'/> What do you think?</speak>,"Read this like a cheerful, clear elementary school teacher reading to a small child:"
RI.1.7,q1-hint.mp3,<speak>Here's a hint! Snow and bare trees are clues about which season.</speak>,"Read this like a cheerful, clear elementary school teacher reading to a small child:"
RI.1.7,q2.mp3,"<speak> A book about healthy food shows a picture of a plate with fruits, vegetables, and grains. The picture helps you understand: What unhealthy food looks like What a balanced meal looks like How to cook food.<break time='1s'/> <emphasis level='moderate'>or Where food comes from?</emphasis><break time='800ms'/> What do you think?</speak>","Read this like a cheerful, clear elementary school teacher reading to a small child:"
RI.1.7,q2-hint.mp3,<speak>Here's a hint! The picture shows you an example of healthy eating.</speak>,"Read this like a cheerful, clear elementary school teacher reading to a small child:"
RI.1.7,q3.mp3,<speak> A map in a book shows where lions live in Africa. The map helps you understand: What lions eat How big lions are Where lions live.<break time='1s'/> <emphasis level='moderate'>or How fast lions run?</emphasis><break time='800ms'/> What do you think?</speak>,"Read this like a cheerful, clear elementary school teacher reading to a small child:"
RI.1.7,q3-hint.mp3,<speak>Here's a hint! Maps show locations . <break time='500ms'/> where things are.</speak>,"Read this like a cheerful, clear elementary school teacher reading to a small child:"
RI.1.7,q4.mp3,<speak> A book about the water cycle has arrows showing water going from the ocean to clouds to rain. The arrows help you understand: How heavy water is The order of the water cycle How to swim.<break time='1s'/> <emphasis level='moderate'>or What color water is?</emphasis><break time='800ms'/> What do you think?</speak>,"Read this like a cheerful, clear elementary school teacher reading to a small child:"
RI.1.7,q4-hint.mp3,"<speak>Here's a hint! Arrows show direction and order . <break time='500ms'/> what happens first, next, last.</speak>","Read this like a cheerful, clear elementary school teacher reading to a small child:"
RI.1.7,q5.mp3,<speak> <emphasis level='moderate'>Why do informational books include pictures and illustrations?</emphasis><break time='800ms'/> Just for decoration? <break time='600ms'/> To help explain the key ideas? <break time='600ms'/> To take up space? <break time='600ms'/> or To make the book longer? <break time=\'400ms\'/> What do you think?</speak>,"Read this like a cheerful, clear elementary school teacher reading to a small child:"
RI.1.7,q5-hint.mp3,<speak>Here's a hint! Pictures in informational books have a purpose . <break time='500ms'/> they teach!</speak>,"Read this like a cheerful, clear elementary school teacher reading to a small child:"
RI.1.8,q1.mp3,<speak> You should drink water every day. Water helps your body work well and keeps you from getting thirsty..<break time='1s'/> <emphasis level='moderate'>What reason does the author give for drinking water?</emphasis><break time='800ms'/> Water is blue? <break time='600ms'/> Water helps your body work well? <break time='600ms'/> Water is cold? <break time='600ms'/> or Water comes from the sink? <break time=\'400ms\'/> What do you think?</speak>,"Read this like a cheerful, clear elementary school teacher reading to a small child:"
RI.1.8,q1-hint.mp3,<speak>Here's a hint! The author gives a reason WHY . <break time='500ms'/> look for it after the first sentence.</speak>,"Read this like a cheerful, clear elementary school teacher reading to a small child:"
RI.1.8,q2.mp3,"<speak> Dogs make great pets. They are loyal, playful, and love their owners..<break time='1s'/> <emphasis level='moderate'>What reasons does the author give?</emphasis><break time='800ms'/> Dogs are big? <break time='600ms'/> Dogs are loyal, playful, and loving? <break time='600ms'/> Dogs eat a lot? <break time='600ms'/> or Dogs sleep all day? <break time=\'400ms\'/> What do you think?</speak>","Read this like a cheerful, clear elementary school teacher reading to a small child:"
RI.1.8,q2-hint.mp3,<speak>Here's a hint! The author lists reasons after saying dogs are great pets.</speak>,"Read this like a cheerful, clear elementary school teacher reading to a small child:"
RI.1.8,q3.mp3,<speak> Kids should eat vegetables. Vegetables have vitamins that help you grow strong. The author's POINT is: Vitamins are small Vegetables taste bad Kids should eat vegetables.<break time='1s'/> <emphasis level='moderate'>or Growing is fun?</emphasis><break time='800ms'/> What do you think?</speak>,"Read this like a cheerful, clear elementary school teacher reading to a small child:"
RI.1.8,q3-hint.mp3,<speak>Here's a hint! The point is the main thing the author wants you to believe.</speak>,"Read this like a cheerful, clear elementary school teacher reading to a small child:"
RI.1.8,q4.mp3,<speak> Recycling is important. It reduces trash and helps keep the Earth clean..<break time='1s'/> <emphasis level='moderate'>What reason does the author give for recycling?</emphasis><break time='800ms'/> Recycling is easy? <break time='600ms'/> It reduces trash and keeps Earth clean? <break time='600ms'/> Trash cans are full? <break time='600ms'/> or Everyone recycles? <break time=\'400ms\'/> What do you think?</speak>,"Read this like a cheerful, clear elementary school teacher reading to a small child:"
RI.1.8,q4-hint.mp3,<speak>Here's a hint! The second sentence gives the reasons.</speak>,"Read this like a cheerful, clear elementary school teacher reading to a small child:"
RI.1.8,q5.mp3,<speak> Reading every day makes you smarter. It helps you learn new words and understand more stories. The author supports the point by saying reading: Is boring Takes too long Helps you learn words and understand stories.<break time='1s'/> <emphasis level='moderate'>or Is only for school?</emphasis><break time='800ms'/> What do you think?</speak>,"Read this like a cheerful, clear elementary school teacher reading to a small child:"
RI.1.8,q5-hint.mp3,<speak>Here's a hint! What GOOD things does the author say happen when you read?</speak>,"Read this like a cheerful, clear elementary school teacher reading to a small child:"
RI.1.9,q1.mp3,<speak> Book 1 says dogs need walks. Book 2 says dogs need exercise. These books are: Saying different things Saying the same thing in different words Wrong.<break time='1s'/> <emphasis level='moderate'>or About cats?</emphasis><break time='800ms'/> What do you think?</speak>,"Read this like a cheerful, clear elementary school teacher reading to a small child:"
RI.1.9,q1-hint.mp3,<speak>Here's a hint! Walks and exercise . <break time='500ms'/> are those similar?</speak>,"Read this like a cheerful, clear elementary school teacher reading to a small child:"
RI.1.9,q2.mp3,<speak> <emphasis level='moderate'>Book 1 says the sun is hot. Book 2 says the sun gives Earth light. What do both agree on?</emphasis><break time='800ms'/> The sun is cold? <break time='600ms'/> The sun is important? <break time='600ms'/> The sun is small? <break time='600ms'/> or The sun is new? <break time=\'400ms\'/> What do you think?</speak>,"Read this like a cheerful, clear elementary school teacher reading to a small child:"
RI.1.9,q2-hint.mp3,<speak>Here's a hint! Both books tell us something the sun does . <break time='500ms'/> so it must be important.</speak>,"Read this like a cheerful, clear elementary school teacher reading to a small child:"
RI.1.9,q3.mp3,"<speak> Book 1 is about pet dogs. Book 2 is about wild wolves. These books are DIFFERENT because: One is about a pet, one is about a wild animal Both are about pets Both are about wolves.<break time='1s'/> <emphasis level='moderate'>or Neither is about animals?</emphasis><break time='800ms'/> What do you think?</speak>","Read this like a cheerful, clear elementary school teacher reading to a small child:"
RI.1.9,q3-hint.mp3,"<speak>Here's a hint! One animal lives with people, the other doesn't.</speak>","Read this like a cheerful, clear elementary school teacher reading to a small child:"
RI.1.9,q4.mp3,<speak> Two books are both about rain. Book 1 explains how rain forms. Book 2 explains why plants need rain. They are SIMILAR because: They say the same exact words They are both about rain They are about the same plants.<break time='1s'/> <emphasis level='moderate'>or They have the same author?</emphasis><break time='800ms'/> What do you think?</speak>,"Read this like a cheerful, clear elementary school teacher reading to a small child:"
RI.1.9,q4-hint.mp3,<speak>Here's a hint! What topic do they share?</speak>,"Read this like a cheerful, clear elementary school teacher reading to a small child:"
RI.1.9,q5.mp3,"<speak> When comparing two texts on the same topic, you should look for: Which book is longer What facts are the same and what facts are different Which cover looks better.<break time='1s'/> <emphasis level='moderate'>or Who reads faster?</emphasis><break time='800ms'/> What do you think?</speak>","Read this like a cheerful, clear elementary school teacher reading to a small child:"
RI.1.9,q5-hint.mp3,<speak>Here's a hint! Comparing means finding what's alike and different.</speak>,"Read this like a cheerful, clear elementary school teacher reading to a small child:"
RF.1.1a,q1.mp3,<speak> A sentence always starts with a: Lowercase letter Number Capital letter.<break time='1s'/> <emphasis level='moderate'>or Period?</emphasis><break time='800ms'/> What do you think?</speak>,"Read this like a cheerful, clear elementary school teacher reading to a small child:"
RF.1.1a,q1-hint.mp3,<speak>Here's a hint! Listen to the first letter of this question!</speak>,"Read this like a cheerful, clear elementary school teacher reading to a small child:"
RF.1.1a,q2.mp3,"<speak> A sentence always ends with a: Capital letter Comma Space.<break time='1s'/> <emphasis level='moderate'>or Period, question mark, or exclamation point?</emphasis><break time='800ms'/> What do you think?</speak>","Read this like a cheerful, clear elementary school teacher reading to a small child:"
RF.1.1a,q2-hint.mp3,<speak>Here's a hint! What mark goes at the very end?</speak>,"Read this like a cheerful, clear elementary school teacher reading to a small child:"
RF.1.1a,q3.mp3,<speak> <emphasis level='moderate'>Which is a correct sentence?</emphasis><break time='800ms'/> the dog ran fast? <break time='600ms'/> The dog ran fast? <break time='600ms'/> the dog ran fast? <break time='600ms'/> or The Dog Ran Fast? <break time=\'400ms\'/> What do you think?</speak>,"Read this like a cheerful, clear elementary school teacher reading to a small child:"
RF.1.1a,q3-hint.mp3,<speak>Here's a hint! Capital letter at the start + period at the end = sentence.</speak>,"Read this like a cheerful, clear elementary school teacher reading to a small child:"
RF.1.1a,q4.mp3,<speak> What is wrong with this sentence: 'she likes ice cream' It needs a capital S It has too many words It needs a comma.<break time='1s'/> <emphasis level='moderate'>or Nothing is wrong?</emphasis><break time='800ms'/> What do you think?</speak>,"Read this like a cheerful, clear elementary school teacher reading to a small child:"
RF.1.1a,q4-hint.mp3,<speak>Here's a hint! Every sentence begins with a capital letter.</speak>,"Read this like a cheerful, clear elementary school teacher reading to a small child:"
RF.1.1a,q5.mp3,<speak> <emphasis level='moderate'>Which one is NOT a sentence?</emphasis><break time='800ms'/> I like cats? <break time='600ms'/> The bird flew? <break time='600ms'/> ran fast the boy? <break time='600ms'/> or She is nice? <break time=\'400ms\'/> What do you think?</speak>,"Read this like a cheerful, clear elementary school teacher reading to a small child:"
RF.1.1a,q5-hint.mp3,"<speak>Here's a hint! A sentence needs to make sense, start with a capital, and end with punctuation.</speak>","Read this like a cheerful, clear elementary school teacher reading to a small child:"
RF.1.2b,q1.mp3,<speak> <emphasis level='moderate'>Blend these sounds together: /s/ /i/ /t/. What word do you get?</emphasis><break time='800ms'/> sat? <break time='600ms'/> sit? <break time='600ms'/> set? <break time='600ms'/> or sip? <break time=\'400ms\'/> What do you think?</speak>,"Read this like a cheerful, clear elementary school teacher reading to a small child:"
RF.1.2b,q1-hint.mp3,"<speak>Here's a hint! Say each sound, then push them together fast.</speak>","Read this like a cheerful, clear elementary school teacher reading to a small child:"
RF.1.2b,q2.mp3,<speak> <emphasis level='moderate'>Blend these sounds: /f/ /l/ /a/ /g/. What word?</emphasis><break time='800ms'/> frog? <break time='600ms'/> flag? <break time='600ms'/> flat? <break time='600ms'/> or flap? <break time=\'400ms\'/> What do you think?</speak>,"Read this like a cheerful, clear elementary school teacher reading to a small child:"
RF.1.2b,q2-hint.mp3,"<speak>Here's a hint! Say /f/ /l/ together, then /a/ /g/.</speak>","Read this like a cheerful, clear elementary school teacher reading to a small child:"
RF.1.2b,q3.mp3,<speak> <emphasis level='moderate'>Blend these sounds: /s/ /t/ /o/ /p/. What word?</emphasis><break time='800ms'/> step? <break time='600ms'/> stop? <break time='600ms'/> stomp? <break time='600ms'/> or stop? <break time=\'400ms\'/> What do you think?</speak>,"Read this like a cheerful, clear elementary school teacher reading to a small child:"
RF.1.2b,q3-hint.mp3,"<speak>Here's a hint! /s/ /t/ blend together, then /o/ /p/.</speak>","Read this like a cheerful, clear elementary school teacher reading to a small child:"
RF.1.2b,q4.mp3,<speak> <emphasis level='moderate'>Blend: /d/ /r/ /i/ /p/. What word?</emphasis><break time='800ms'/> drip? <break time='600ms'/> drop? <break time='600ms'/> trip? <break time='600ms'/> or trap? <break time=\'400ms\'/> What do you think?</speak>,"Read this like a cheerful, clear elementary school teacher reading to a small child:"
RF.1.2b,q4-hint.mp3,"<speak>Here's a hint! Start with /d/ /r/ together, then add /i/ /p/.</speak>","Read this like a cheerful, clear elementary school teacher reading to a small child:"
RF.1.2b,q5.mp3,<speak> <emphasis level='moderate'>Blend: /g/ /r/ /a/ /b/. What word?</emphasis><break time='800ms'/> grab? <break time='600ms'/> crab? <break time='600ms'/> grub? <break time='600ms'/> or grid? <break time=\'400ms\'/> What do you think?</speak>,"Read this like a cheerful, clear elementary school teacher reading to a small child:"
RF.1.2b,q5-hint.mp3,"<speak>Here's a hint! /g/ /r/ together, then /a/ /b/.</speak>","Read this like a cheerful, clear elementary school teacher reading to a small child:"
RF.1.2c,q1.mp3,<speak> <emphasis level='moderate'>What is the FIRST sound in the word 'map'?</emphasis><break time='800ms'/> /a/? <break time='600ms'/> /p/? <break time='600ms'/> /m/? <break time='600ms'/> or /s/? <break time=\'400ms\'/> What do you think?</speak>,"Read this like a cheerful, clear elementary school teacher reading to a small child:"
RF.1.2c,q1-hint.mp3,<speak>Here's a hint! Say 'map' slowly . <break time='500ms'/> what sound comes first?</speak>,"Read this like a cheerful, clear elementary school teacher reading to a small child:"
RF.1.2c,q2.mp3,<speak> <emphasis level='moderate'>What is the MIDDLE sound in the word 'big'?</emphasis><break time='800ms'/> /b/? <break time='600ms'/> /g/? <break time='600ms'/> /i/? <break time='600ms'/> or /a/? <break time=\'400ms\'/> What do you think?</speak>,"Read this like a cheerful, clear elementary school teacher reading to a small child:"
RF.1.2c,q2-hint.mp3,<speak>Here's a hint! Say b-i-g slowly . <break time='500ms'/> what sound is in the middle?</speak>,"Read this like a cheerful, clear elementary school teacher reading to a small child:"
RF.1.2c,q3.mp3,<speak> <emphasis level='moderate'>What is the LAST sound in the word 'cup'?</emphasis><break time='800ms'/> /c/? <break time='600ms'/> /u/? <break time='600ms'/> /p/? <break time='600ms'/> or /k/? <break time=\'400ms\'/> What do you think?</speak>,"Read this like a cheerful, clear elementary school teacher reading to a small child:"
RF.1.2c,q3-hint.mp3,<speak>Here's a hint! Say 'cup' . <break time='500ms'/> what sound do you hear at the very end?</speak>,"Read this like a cheerful, clear elementary school teacher reading to a small child:"
RF.1.2c,q4.mp3,<speak> <emphasis level='moderate'>Which word has the SAME first sound as 'top'?</emphasis><break time='800ms'/> dog? <break time='600ms'/> man? <break time='600ms'/> ten? <break time='600ms'/> or big? <break time=\'400ms\'/> What do you think?</speak>,"Read this like a cheerful, clear elementary school teacher reading to a small child:"
RF.1.2c,q4-hint.mp3,<speak>Here's a hint! Say 'top' and 'ten' . <break time='500ms'/> do they start the same?</speak>,"Read this like a cheerful, clear elementary school teacher reading to a small child:"
RF.1.2c,q5.mp3,<speak> <emphasis level='moderate'>Which word has the SAME middle sound as 'cat'?</emphasis><break time='800ms'/> cut? <break time='600ms'/> cot? <break time='600ms'/> bat? <break time='600ms'/> or bit? <break time=\'400ms\'/> What do you think?</speak>,"Read this like a cheerful, clear elementary school teacher reading to a small child:"
RF.1.2c,q5-hint.mp3,<speak>Here's a hint! Cat has /a/ in the middle. Which other word has /a/?</speak>,"Read this like a cheerful, clear elementary school teacher reading to a small child:"
RF.1.2d,q1.mp3,<speak> <emphasis level='moderate'>How many sounds are in the word 'cat'?</emphasis><break time='800ms'/> 2? <break time='600ms'/> 3? <break time='600ms'/> 4? <break time='600ms'/> or 5? <break time=\'400ms\'/> What do you think?</speak>,"Read this like a cheerful, clear elementary school teacher reading to a small child:"
RF.1.2d,q1-hint.mp3,<speak>Here's a hint! C-A-T: /k/ /a/ /t/ . <break time='500ms'/> count each sound.</speak>,"Read this like a cheerful, clear elementary school teacher reading to a small child:"
RF.1.2d,q2.mp3,<speak> <emphasis level='moderate'>Break the word 'ship' into sounds. How many sounds?</emphasis><break time='800ms'/> 2? <break time='600ms'/> 3? <break time='600ms'/> 4? <break time='600ms'/> or 5? <break time=\'400ms\'/> What do you think?</speak>,"Read this like a cheerful, clear elementary school teacher reading to a small child:"
RF.1.2d,q2-hint.mp3,<speak>Here's a hint! 'Sh' makes ONE sound: /sh/ /i/ /p/ = 3 sounds.</speak>,"Read this like a cheerful, clear elementary school teacher reading to a small child:"
RF.1.2d,q3.mp3,<speak> <emphasis level='moderate'>What are the sounds in the word 'fun'?</emphasis><break time='800ms'/> /f/ /u/ /n/? <break time='600ms'/> /f/ /a/ /n/? <break time='600ms'/> /f/ /u/? <break time='600ms'/> or /f/ /o/ /n/? <break time=\'400ms\'/> What do you think?</speak>,"Read this like a cheerful, clear elementary school teacher reading to a small child:"
RF.1.2d,q3-hint.mp3,<speak>Here's a hint! Say 'fun' very slowly and listen to each sound.</speak>,"Read this like a cheerful, clear elementary school teacher reading to a small child:"
RF.1.2d,q4.mp3,<speak> <emphasis level='moderate'>How many sounds in the word 'stop'?</emphasis><break time='800ms'/> 2? <break time='600ms'/> 3? <break time='600ms'/> 4? <break time='600ms'/> or 5? <break time=\'400ms\'/> What do you think?</speak>,"Read this like a cheerful, clear elementary school teacher reading to a small child:"
RF.1.2d,q4-hint.mp3,<speak>Here's a hint! /s/ /t/ /o/ /p/ . <break time='500ms'/> each letter makes its own sound here.</speak>,"Read this like a cheerful, clear elementary school teacher reading to a small child:"
RF.1.2d,q5.mp3,<speak> <emphasis level='moderate'>What are the sounds in the word 'them'?</emphasis><break time='800ms'/> /t/ /h/ /e/ /m/? <break time='600ms'/> /th/ /e/ /m/? <break time='600ms'/> /th/ /m/? <break time='600ms'/> or /t/ /e/ /m/? <break time=\'400ms\'/> What do you think?</speak>,"Read this like a cheerful, clear elementary school teacher reading to a small child:"
RF.1.2d,q5-hint.mp3,"<speak>Here's a hint! 'Th' makes ONE sound together, so: /th/ /e/ /m/ = 3 sounds.</speak>","Read this like a cheerful, clear elementary school teacher reading to a small child:"
RF.1.4b,q1.mp3,"<speak> When you see an exclamation point (!), you should read with: A quiet voice Excitement or strong feeling A bored voice.<break time='1s'/> <emphasis level='moderate'>or No expression?</emphasis><break time='800ms'/> What do you think?</speak>","Read this like a cheerful, clear elementary school teacher reading to a small child:"
RF.1.4b,q1-hint.mp3,<speak>Here's a hint! Exclamation points mean strong feelings!</speak>,"Read this like a cheerful, clear elementary school teacher reading to a small child:"
RF.1.4b,q2.mp3,"<speak> <emphasis level='moderate'>When you see a question mark (?</emphasis><break time='800ms'/> ), your voice should:? <break time='600ms'/> Go down at the end? <break time='600ms'/> Go up at the end? <break time='600ms'/> Stay the same? <break time='600ms'/> or Get louder? <break time=\'400ms\'/> What do you think?</speak>","Read this like a cheerful, clear elementary school teacher reading to a small child:"
RF.1.4b,q2-hint.mp3,<speak>Here's a hint! Try asking 'Really?' . <break time='500ms'/> hear how your voice goes up?</speak>,"Read this like a cheerful, clear elementary school teacher reading to a small child:"
RF.1.4b,q3.mp3,<speak> <emphasis level='moderate'>Good readers read at the right speed. What does that mean?</emphasis><break time='800ms'/> Does it mean... Read as fast as possible? <break time='600ms'/> Read so slow it's boring? <break time='600ms'/> Read at a pace that sounds like talking? <break time='600ms'/> or Skip hard words? <break time=\'400ms\'/> What do you think?</speak>,"Read this like a cheerful, clear elementary school teacher reading to a small child:"
RF.1.4b,q3-hint.mp3,<speak>Here's a hint! Read like you're telling someone a story.</speak>,"Read this like a cheerful, clear elementary school teacher reading to a small child:"
RF.1.4b,q4.mp3,"<speak> 'Help!' cried the little mouse..<break time='1s'/> <emphasis level='moderate'>How should you read this?</emphasis><break time='800ms'/> In a calm, quiet voice? <break time='600ms'/> In a loud, scared voice? <break time='600ms'/> In a sleepy voice? <break time='600ms'/> or In a silly voice? <break time=\'400ms\'/> What do you think?</speak>","Read this like a cheerful, clear elementary school teacher reading to a small child:"
RF.1.4b,q4-hint.mp3,<speak>Here's a hint! The mouse is crying for help . <break time='500ms'/> that sounds scared!</speak>,"Read this like a cheerful, clear elementary school teacher reading to a small child:"
RF.1.4b,q5.mp3,<speak> <emphasis level='moderate'>What is expression when reading?</emphasis><break time='800ms'/> Reading in a flat robot voice? <break time='600ms'/> Using your voice to show feelings? <break time='600ms'/> Reading very fast? <break time='600ms'/> or Skipping words? <break time=\'400ms\'/> What do you think?</speak>,"Read this like a cheerful, clear elementary school teacher reading to a small child:"
RF.1.4b,q5-hint.mp3,<speak>Here's a hint! Expression means making your voice match what's happening.</speak>,"Read this like a cheerful, clear elementary school teacher reading to a small child:"
RF.1.4c,q1.mp3,<speak> <emphasis level='moderate'>The bird flew over the _____. Which word makes sense?</emphasis><break time='800ms'/> tree? <break time='600ms'/> book? <break time='600ms'/> chair? <break time='600ms'/> or cup? <break time=\'400ms\'/> What do you think?</speak>,"Read this like a cheerful, clear elementary school teacher reading to a small child:"
RF.1.4c,q1-hint.mp3,<speak>Here's a hint! Where do birds usually fly over?</speak>,"Read this like a cheerful, clear elementary school teacher reading to a small child:"
RF.1.4c,q2.mp3,<speak> <emphasis level='moderate'>You read: 'The cat sat on the mat.' But you said 'mat' as 'map.' What should you do?</emphasis><break time='800ms'/> Keep going? <break time='600ms'/> Go back and try again? <break time='600ms'/> Skip the word? <break time='600ms'/> or Ask someone? <break time=\'400ms\'/> What do you think?</speak>,"Read this like a cheerful, clear elementary school teacher reading to a small child:"
RF.1.4c,q2-hint.mp3,<speak>Here's a hint! Good readers go back and fix mistakes so the sentence makes sense.</speak>,"Read this like a cheerful, clear elementary school teacher reading to a small child:"
RF.1.4c,q3.mp3,<speak> <emphasis level='moderate'>I drank a glass of _____. Which word makes sense?</emphasis><break time='800ms'/> milk? <break time='600ms'/> rocks? <break time='600ms'/> paper? <break time='600ms'/> or shoes? <break time=\'400ms\'/> What do you think?</speak>,"Read this like a cheerful, clear elementary school teacher reading to a small child:"
RF.1.4c,q3-hint.mp3,<speak>Here's a hint! What do people drink?</speak>,"Read this like a cheerful, clear elementary school teacher reading to a small child:"
RF.1.4c,q4.mp3,"<speak> If you read a sentence and it doesn't make sense, a good reader will: Give up Reread it and try to fix the mistake Read faster.<break time='1s'/> <emphasis level='moderate'>or Skip to the next page?</emphasis><break time='800ms'/> What do you think?</speak>","Read this like a cheerful, clear elementary school teacher reading to a small child:"
RF.1.4c,q4-hint.mp3,<speak>Here's a hint! Good readers check: 'Does that make sense?' and try again.</speak>,"Read this like a cheerful, clear elementary school teacher reading to a small child:"
RF.1.4c,q5.mp3,<speak> <emphasis level='moderate'>The sun is very _____. Which word fits?</emphasis><break time='800ms'/> cold? <break time='600ms'/> bright? <break time='600ms'/> dark? <break time='600ms'/> or wet? <break time=\'400ms\'/> What do you think?</speak>,"Read this like a cheerful, clear elementary school teacher reading to a small child:"
RF.1.4c,q5-hint.mp3,<speak>Here's a hint! Think about what the sun is like . <break time='500ms'/> does it give light?</speak>,"Read this like a cheerful, clear elementary school teacher reading to a small child:"
L.1.4,q1.mp3,<speak> <emphasis level='moderate'>The tiny ant carried a big crumb. What does tiny mean?</emphasis><break time='800ms'/> Does it mean... Big? <break time='600ms'/> Very small? <break time='600ms'/> Fast? <break time='600ms'/> or Old? <break time=\'400ms\'/> What do you think?</speak>,"Read this like a cheerful, clear elementary school teacher reading to a small child:"
L.1.4,q1-hint.mp3,<speak>Here's a hint! Ants are very small . <break time='500ms'/> tiny means the same thing.</speak>,"Read this like a cheerful, clear elementary school teacher reading to a small child:"
L.1.4,q2.mp3,<speak> <emphasis level='moderate'>She was furious when someone broke her toy. What does furious mean?</emphasis><break time='800ms'/> Does it mean... Happy? <break time='600ms'/> Very angry? <break time='600ms'/> Sleepy? <break time='600ms'/> or Silly? <break time=\'400ms\'/> What do you think?</speak>,"Read this like a cheerful, clear elementary school teacher reading to a small child:"
L.1.4,q2-hint.mp3,<speak>Here's a hint! How would YOU feel if someone broke your toy?</speak>,"Read this like a cheerful, clear elementary school teacher reading to a small child:"
L.1.4,q3.mp3,<speak> <emphasis level='moderate'>The word 'bat' can mean more than one thing. Which two are correct?</emphasis><break time='800ms'/> Does it mean... A flying animal AND a stick to hit a ball? <break time='600ms'/> A type of food AND a hat? <break time='600ms'/> A car AND a boat? <break time='600ms'/> or A shoe AND a sock? <break time=\'400ms\'/> What do you think?</speak>,"Read this like a cheerful, clear elementary school teacher reading to a small child:"
L.1.4,q3-hint.mp3,<speak>Here's a hint! Think about baseball and think about animals that fly at night.</speak>,"Read this like a cheerful, clear elementary school teacher reading to a small child:"
L.1.4,q4.mp3,<speak> <emphasis level='moderate'>The road was slippery after the rain. What does slippery mean?</emphasis><break time='800ms'/> Does it mean... Dry? <break time='600ms'/> Easy to slide on? <break time='600ms'/> Very long? <break time='600ms'/> or Dark? <break time=\'400ms\'/> What do you think?</speak>,"Read this like a cheerful, clear elementary school teacher reading to a small child:"
L.1.4,q4-hint.mp3,<speak>Here's a hint! What happens to roads after rain? They get wet and you might slip.</speak>,"Read this like a cheerful, clear elementary school teacher reading to a small child:"
L.1.4,q5.mp3,<speak> <emphasis level='moderate'>She peeked through the window to see if it was raining. What does peeked mean?</emphasis><break time='800ms'/> Does it mean... Listened carefully? <break time='600ms'/> Looked quickly? <break time='600ms'/> Opened the window? <break time='600ms'/> or Cleaned the window? <break time=\'400ms\'/> What do you think?</speak>,"Read this like a cheerful, clear elementary school teacher reading to a small child:"
L.1.4,q5-hint.mp3,"<speak>Here's a hint! When you peek, you take a quick look.</speak>","Read this like a cheerful, clear elementary school teacher reading to a small child:"
L.1.4a,q1.mp3,"<speak> <emphasis level='moderate'>The dog was famished, so he ate all his food very fast. What does famished mean?</emphasis><break time='800ms'/> Does it mean... Full? <break time='600ms'/> Very hungry? <break time='600ms'/> Tired? <break time='600ms'/> or Angry? <break time=\'400ms\'/> What do you think?</speak>","Read this like a cheerful, clear elementary school teacher reading to a small child:"
L.1.4a,q1-hint.mp3,<speak>Here's a hint! He ate all his food fast . <break time='500ms'/> he must have been very..?</speak>,"Read this like a cheerful, clear elementary school teacher reading to a small child:"
L.1.4a,q2.mp3,"<speak> <emphasis level='moderate'>It was sweltering outside, so we stayed in the cool house. What does sweltering mean?</emphasis><break time='800ms'/> Does it mean... Very cold? <break time='600ms'/> Very hot? <break time='600ms'/> Very windy? <break time='600ms'/> or Very dark? <break time=\'400ms\'/> What do you think?</speak>","Read this like a cheerful, clear elementary school teacher reading to a small child:"
L.1.4a,q2-hint.mp3,<speak>Here's a hint! They went inside to be cool . <break time='500ms'/> so outside must have been..?</speak>,"Read this like a cheerful, clear elementary school teacher reading to a small child:"
L.1.4a,q3.mp3,<speak> <emphasis level='moderate'>The cheerful girl was always smiling and laughing. What does cheerful mean?</emphasis><break time='800ms'/> Does it mean... Sad? <break time='600ms'/> Happy? <break time='600ms'/> Quiet? <break time='600ms'/> or Angry? <break time=\'400ms\'/> What do you think?</speak>,"Read this like a cheerful, clear elementary school teacher reading to a small child:"
L.1.4a,q3-hint.mp3,<speak>Here's a hint! Smiling and laughing . <break time='500ms'/> what kind of person does that?</speak>,"Read this like a cheerful, clear elementary school teacher reading to a small child:"
L.1.4a,q4.mp3,"<speak> <emphasis level='moderate'>He was exhausted after running all day, so he went straight to bed. What does exhausted mean?</emphasis><break time='800ms'/> Does it mean... Excited? <break time='600ms'/> Very tired? <break time='600ms'/> Hungry? <break time='600ms'/> or Scared? <break time=\'400ms\'/> What do you think?</speak>","Read this like a cheerful, clear elementary school teacher reading to a small child:"
L.1.4a,q4-hint.mp3,<speak>Here's a hint! He ran all day and went to bed . <break time='500ms'/> he must have been..?</speak>,"Read this like a cheerful, clear elementary school teacher reading to a small child:"
L.1.4a,q5.mp3,<speak> <emphasis level='moderate'>The timid rabbit hid behind the bush when it heard a loud noise. What does timid mean?</emphasis><break time='800ms'/> Does it mean... Brave? <break time='600ms'/> Fast? <break time='600ms'/> Shy or scared? <break time='600ms'/> or Strong? <break time=\'400ms\'/> What do you think?</speak>,"Read this like a cheerful, clear elementary school teacher reading to a small child:"
L.1.4a,q5-hint.mp3,<speak>Here's a hint! It hid when it heard a noise . <break time='500ms'/> that sounds shy or scared.</speak>,"Read this like a cheerful, clear elementary school teacher reading to a small child:"
L.1.4b,q1.mp3,<speak> <emphasis level='moderate'>What does 'unhappy' mean?</emphasis><break time='800ms'/> Does it mean... Very happy? <break time='600ms'/> Not happy? <break time='600ms'/> Kind of happy? <break time='600ms'/> or Happy again? <break time=\'400ms\'/> What do you think?</speak>,"Read this like a cheerful, clear elementary school teacher reading to a small child:"
L.1.4b,q1-hint.mp3,<speak>Here's a hint! 'Un-' at the beginning means NOT.</speak>,"Read this like a cheerful, clear elementary school teacher reading to a small child:"
L.1.4b,q2.mp3,<speak> <emphasis level='moderate'>What does 'redo' mean?</emphasis><break time='800ms'/> Does it mean... Do before? <break time='600ms'/> Not do? <break time='600ms'/> Do again? <break time='600ms'/> or Stop doing? <break time=\'400ms\'/> What do you think?</speak>,"Read this like a cheerful, clear elementary school teacher reading to a small child:"
L.1.4b,q2-hint.mp3,<speak>Here's a hint! 'Re-' at the beginning means AGAIN.</speak>,"Read this like a cheerful, clear elementary school teacher reading to a small child:"
L.1.4b,q3.mp3,"<speak> <emphasis level='moderate'>If 'un-' means NOT, what does 'unkind' mean?</emphasis><break time='800ms'/> Does it mean... Very kind? <break time='600ms'/> Not kind? <break time='600ms'/> Kind again? <break time='600ms'/> or Always kind? <break time=\'400ms\'/> What do you think?</speak>","Read this like a cheerful, clear elementary school teacher reading to a small child:"
L.1.4b,q3-hint.mp3,<speak>Here's a hint! Un + kind = not kind.</speak>,"Read this like a cheerful, clear elementary school teacher reading to a small child:"
L.1.4b,q4.mp3,<speak> The ending '-er' can mean 'one who does.' A 'teacher' is: Something you teach One who teaches A type of school.<break time='1s'/> <emphasis level='moderate'>or A book?</emphasis><break time='800ms'/> What do you think?</speak>,"Read this like a cheerful, clear elementary school teacher reading to a small child:"
L.1.4b,q4-hint.mp3,<speak>Here's a hint! Teach + er = one who teaches.</speak>,"Read this like a cheerful, clear elementary school teacher reading to a small child:"
L.1.4b,q5.mp3,<speak> <emphasis level='moderate'>What does 'reread' mean?</emphasis><break time='800ms'/> Does it mean... Stop reading? <break time='600ms'/> Read again? <break time='600ms'/> Not read? <break time='600ms'/> or Read fast? <break time=\'400ms\'/> What do you think?</speak>,"Read this like a cheerful, clear elementary school teacher reading to a small child:"
L.1.4b,q5-hint.mp3,<speak>Here's a hint! Re- means AGAIN. Re + read = ?</speak>,"Read this like a cheerful, clear elementary school teacher reading to a small child:"
L.1.4c,q1.mp3,<speak> <emphasis level='moderate'>What is the root word in 'jumping'?</emphasis><break time='800ms'/> Jum? <break time='600ms'/> Jump? <break time='600ms'/> Jumping? <break time='600ms'/> or Ing? <break time=\'400ms\'/> What do you think?</speak>,"Read this like a cheerful, clear elementary school teacher reading to a small child:"
L.1.4c,q1-hint.mp3,<speak>Here's a hint! Take away the -ing. What's left?</speak>,"Read this like a cheerful, clear elementary school teacher reading to a small child:"
L.1.4c,q2.mp3,<speak> <emphasis level='moderate'>What is the root word in 'played'?</emphasis><break time='800ms'/> Ed? <break time='600ms'/> Played? <break time='600ms'/> Play? <break time='600ms'/> or Playe? <break time=\'400ms\'/> What do you think?</speak>,"Read this like a cheerful, clear elementary school teacher reading to a small child:"
L.1.4c,q2-hint.mp3,<speak>Here's a hint! Take away the -ed ending.</speak>,"Read this like a cheerful, clear elementary school teacher reading to a small child:"
L.1.4c,q3.mp3,"<speak> <emphasis level='moderate'>Which words all come from the root word 'look'?</emphasis><break time='800ms'/> looks, looked, looking? <break time='600ms'/> looks, books, hooks? <break time='600ms'/> lock, look, luck? <break time='600ms'/> or looked, cooked, booked? <break time=\'400ms\'/> What do you think?</speak>","Read this like a cheerful, clear elementary school teacher reading to a small child:"
L.1.4c,q3-hint.mp3,<speak>Here's a hint! Which group keeps 'look' as the base and just adds endings?</speak>,"Read this like a cheerful, clear elementary school teacher reading to a small child:"
L.1.4c,q4.mp3,<speak> 'Walks' has the ending '-s.' The root word is: Wal Walk Walks.<break time='1s'/> <emphasis level='moderate'>or Walking?</emphasis><break time='800ms'/> What do you think?</speak>,"Read this like a cheerful, clear elementary school teacher reading to a small child:"
L.1.4c,q4-hint.mp3,<speak>Here's a hint! Remove the -s to find the root.</speak>,"Read this like a cheerful, clear elementary school teacher reading to a small child:"
L.1.4c,q5.mp3,"<speak> <emphasis level='moderate'>What is the root word in 'runs,' 'running,' and 'runner'?</emphasis><break time='800ms'/> Ru? <break time='600ms'/> Runs? <break time='600ms'/> Run? <break time='600ms'/> or Running? <break time=\'400ms\'/> What do you think?</speak>","Read this like a cheerful, clear elementary school teacher reading to a small child:"
L.1.4c,q5-hint.mp3,<speak>Here's a hint! What word is hiding inside all three words?</speak>,"Read this like a cheerful, clear elementary school teacher reading to a small child:"
L.1.5,q1.mp3,<speak> <emphasis level='moderate'>What is the opposite of 'hot'?</emphasis><break time='800ms'/> Warm? <break time='600ms'/> Cold? <break time='600ms'/> Fast? <break time='600ms'/> or Big? <break time=\'400ms\'/> What do you think?</speak>,"Read this like a cheerful, clear elementary school teacher reading to a small child:"
L.1.5,q1-hint.mp3,"<speak>Here's a hint! If hot means very warm, the opposite would be very not warm.</speak>","Read this like a cheerful, clear elementary school teacher reading to a small child:"
L.1.5,q2.mp3,<speak> <emphasis level='moderate'>Which word means almost the same as 'big'?</emphasis><break time='800ms'/> Does it mean... Small? <break time='600ms'/> Tiny? <break time='600ms'/> Large? <break time='600ms'/> or Short? <break time=\'400ms\'/> What do you think?</speak>,"Read this like a cheerful, clear elementary school teacher reading to a small child:"
L.1.5,q2-hint.mp3,<speak>Here's a hint! Big and large both describe something that is not small.</speak>,"Read this like a cheerful, clear elementary school teacher reading to a small child:"
L.1.5,q3.mp3,<speak> <emphasis level='moderate'>What is the opposite of 'fast'?</emphasis><break time='800ms'/> Quick? <break time='600ms'/> Speedy? <break time='600ms'/> Slow? <break time='600ms'/> or Tall? <break time=\'400ms\'/> What do you think?</speak>,"Read this like a cheerful, clear elementary school teacher reading to a small child:"
L.1.5,q3-hint.mp3,<speak>Here's a hint! Fast means quick. The opposite would be...not quick.</speak>,"Read this like a cheerful, clear elementary school teacher reading to a small child:"
L.1.5,q4.mp3,"<speak> <emphasis level='moderate'>Which word is a type of animal: chair, dog, pencil, cup?</emphasis><break time='800ms'/> Chair? <break time='600ms'/> Dog? <break time='600ms'/> Pencil? <break time='600ms'/> or Cup? <break time=\'400ms\'/> What do you think?</speak>","Read this like a cheerful, clear elementary school teacher reading to a small child:"
L.1.5,q4-hint.mp3,<speak>Here's a hint! Which one is a living creature?</speak>,"Read this like a cheerful, clear elementary school teacher reading to a small child:"
L.1.5,q5.mp3,"<speak> <emphasis level='moderate'>Which group of words goes together?</emphasis><break time='800ms'/> Apple, banana, grape OR apple, chair, banana? <break time='600ms'/> Apple, chair, banana? <break time='600ms'/> Apple, banana, grape? <break time='600ms'/> Chair, table, grape? <break time='600ms'/> or Dog, cat, apple? <break time=\'400ms\'/> What do you think?</speak>","Read this like a cheerful, clear elementary school teacher reading to a small child:"
L.1.5,q5-hint.mp3,<speak>Here's a hint! Which group has items that are all the same type of thing?</speak>,"Read this like a cheerful, clear elementary school teacher reading to a small child:"
L.1.5a,q1.mp3,"<speak> <emphasis level='moderate'>Which word does NOT belong in the group: red, blue, green, dog?</emphasis><break time='800ms'/> Red? <break time='600ms'/> Blue? <break time='600ms'/> Green? <break time='600ms'/> or Dog? <break time=\'400ms\'/> What do you think?</speak>","Read this like a cheerful, clear elementary school teacher reading to a small child:"
L.1.5a,q1-hint.mp3,<speak>Here's a hint! Three of these are colors. Which one isn't?</speak>,"Read this like a cheerful, clear elementary school teacher reading to a small child:"
L.1.5a,q2.mp3,"<speak> Cat, dog, fish, bird. These are all: Foods Animals Colors.<break time='1s'/> <emphasis level='moderate'>or Toys?</emphasis><break time='800ms'/> What do you think?</speak>","Read this like a cheerful, clear elementary school teacher reading to a small child:"
L.1.5a,q2-hint.mp3,<speak>Here's a hint! What do all four have in common?</speak>,"Read this like a cheerful, clear elementary school teacher reading to a small child:"
L.1.5a,q3.mp3,"<speak> <emphasis level='moderate'>Which word belongs in the 'fruit' category: carrot, apple, bread, cheese?</emphasis><break time='800ms'/> Carrot? <break time='600ms'/> Apple? <break time='600ms'/> Bread? <break time='600ms'/> or Cheese? <break time=\'400ms\'/> What do you think?</speak>","Read this like a cheerful, clear elementary school teacher reading to a small child:"
L.1.5a,q3-hint.mp3,<speak>Here's a hint! Which one grows on a tree and is sweet?</speak>,"Read this like a cheerful, clear elementary school teacher reading to a small child:"
L.1.5a,q4.mp3,"<speak> Shirt, pants, hat, shoes. These are all: Animals Clothing Foods.<break time='1s'/> <emphasis level='moderate'>or Toys?</emphasis><break time='800ms'/> What do you think?</speak>","Read this like a cheerful, clear elementary school teacher reading to a small child:"
L.1.5a,q4-hint.mp3,<speak>Here's a hint! You wear all of these . <break time='500ms'/> what category is that?</speak>,"Read this like a cheerful, clear elementary school teacher reading to a small child:"
L.1.5a,q5.mp3,"<speak> <emphasis level='moderate'>Which word goes with: car, bus, train?</emphasis><break time='800ms'/> Apple? <break time='600ms'/> Airplane? <break time='600ms'/> Dog? <break time='600ms'/> or Book? <break time=\'400ms\'/> What do you think?</speak>","Read this like a cheerful, clear elementary school teacher reading to a small child:"
L.1.5a,q5-hint.mp3,"<speak>Here's a hint! Car, bus, and train are all types of transportation. What else is?</speak>","Read this like a cheerful, clear elementary school teacher reading to a small child:"
L.1.5b,q1.mp3,<speak> A dog is an animal that: Swims in the ocean Barks and has four legs Flies in the sky.<break time='1s'/> <emphasis level='moderate'>or Lives in a pond?</emphasis><break time='800ms'/> What do you think?</speak>,"Read this like a cheerful, clear elementary school teacher reading to a small child:"
L.1.5b,q1-hint.mp3,<speak>Here's a hint! Think about what makes a dog special compared to other animals.</speak>,"Read this like a cheerful, clear elementary school teacher reading to a small child:"
L.1.5b,q2.mp3,"<speak> An apple is a fruit that: Is always blue Grows underground Can be red, green, or yellow.<break time='1s'/> <emphasis level='moderate'>or Is very spicy?</emphasis><break time='800ms'/> What do you think?</speak>","Read this like a cheerful, clear elementary school teacher reading to a small child:"
L.1.5b,q2-hint.mp3,<speak>Here's a hint! Think about what apples look like.</speak>,"Read this like a cheerful, clear elementary school teacher reading to a small child:"
L.1.5b,q3.mp3,<speak> A hammer is a tool used to: Cut paper Pound nails Cook food.<break time='1s'/> <emphasis level='moderate'>or Water plants?</emphasis><break time='800ms'/> What do you think?</speak>,"Read this like a cheerful, clear elementary school teacher reading to a small child:"
L.1.5b,q3-hint.mp3,<speak>Here's a hint! What do people use a hammer for?</speak>,"Read this like a cheerful, clear elementary school teacher reading to a small child:"
L.1.5b,q4.mp3,<speak> A penguin is a bird that: Flies very fast Swims but cannot fly Lives in the desert.<break time='1s'/> <emphasis level='moderate'>or Is very tiny?</emphasis><break time='800ms'/> What do you think?</speak>,"Read this like a cheerful, clear elementary school teacher reading to a small child:"
L.1.5b,q4-hint.mp3,<speak>Here's a hint! What makes penguins different from most birds?</speak>,"Read this like a cheerful, clear elementary school teacher reading to a small child:"
L.1.5b,q5.mp3,<speak> A fire truck is a vehicle that: Delivers mail Helps fight fires Takes kids to school.<break time='1s'/> <emphasis level='moderate'>or Sells ice cream?</emphasis><break time='800ms'/> What do you think?</speak>,"Read this like a cheerful, clear elementary school teacher reading to a small child:"
L.1.5b,q5-hint.mp3,<speak>Here's a hint! What is a fire truck's special job?</speak>,"Read this like a cheerful, clear elementary school teacher reading to a small child:"
L.1.5c,q1.mp3,<speak> <emphasis level='moderate'>Which of these is something COZY?</emphasis><break time='800ms'/> A rock? <break time='600ms'/> A warm blanket? <break time='600ms'/> A cactus? <break time='600ms'/> or Ice? <break time=\'400ms\'/> What do you think?</speak>,"Read this like a cheerful, clear elementary school teacher reading to a small child:"
L.1.5c,q1-hint.mp3,<speak>Here's a hint! Cozy means warm and comfortable. Which one feels like that?</speak>,"Read this like a cheerful, clear elementary school teacher reading to a small child:"
L.1.5c,q2.mp3,<speak> <emphasis level='moderate'>Which of these is CRUNCHY?</emphasis><break time='800ms'/> Pudding? <break time='600ms'/> Soup? <break time='600ms'/> Carrots? <break time='600ms'/> or Yogurt? <break time=\'400ms\'/> What do you think?</speak>,"Read this like a cheerful, clear elementary school teacher reading to a small child:"
L.1.5c,q2-hint.mp3,<speak>Here's a hint! Crunchy means it makes a sound when you bite it.</speak>,"Read this like a cheerful, clear elementary school teacher reading to a small child:"
L.1.5c,q3.mp3,<speak> <emphasis level='moderate'>Where might you feel CHILLY?</emphasis><break time='800ms'/> Next to a fire? <break time='600ms'/> At the beach in summer? <break time='600ms'/> Outside in the snow? <break time='600ms'/> or In a hot bath? <break time=\'400ms\'/> What do you think?</speak>,"Read this like a cheerful, clear elementary school teacher reading to a small child:"
L.1.5c,q3-hint.mp3,<speak>Here's a hint! Chilly means a little cold. Where would you feel cold?</speak>,"Read this like a cheerful, clear elementary school teacher reading to a small child:"
L.1.5c,q4.mp3,<speak> <emphasis level='moderate'>Which animal is ENORMOUS?</emphasis><break time='800ms'/> An ant? <break time='600ms'/> A ladybug? <break time='600ms'/> An elephant? <break time='600ms'/> or A mouse? <break time=\'400ms\'/> What do you think?</speak>,"Read this like a cheerful, clear elementary school teacher reading to a small child:"
L.1.5c,q4-hint.mp3,"<speak>Here's a hint! Enormous means very, very big.</speak>","Read this like a cheerful, clear elementary school teacher reading to a small child:"
L.1.5c,q5.mp3,<speak> <emphasis level='moderate'>When might you feel PROUD?</emphasis><break time='800ms'/> When you break a toy? <break time='600ms'/> When you do well on a test? <break time='600ms'/> When you lose a game? <break time='600ms'/> or When you're sleepy? <break time=\'400ms\'/> What do you think?</speak>,"Read this like a cheerful, clear elementary school teacher reading to a small child:"
L.1.5c,q5-hint.mp3,<speak>Here's a hint! Proud means feeling good about something you did.</speak>,"Read this like a cheerful, clear elementary school teacher reading to a small child:"
L.1.5d,q1.mp3,<speak> <emphasis level='moderate'>Which word means MORE than 'big'?</emphasis><break time='800ms'/> Does it mean... Small? <break time='600ms'/> Medium? <break time='600ms'/> Gigantic? <break time='600ms'/> or Tiny? <break time=\'400ms\'/> What do you think?</speak>,"Read this like a cheerful, clear elementary school teacher reading to a small child:"
L.1.5d,q1-hint.mp3,"<speak>Here's a hint! Gigantic means really, really big . <break time='500ms'/> even bigger than big.</speak>","Read this like a cheerful, clear elementary school teacher reading to a small child:"
L.1.5d,q2.mp3,"<speak> Put these in order from quietest to loudest: talk, whisper, shout Shout, talk, whisper Whisper, talk, shout Talk, whisper, shout.<break time='1s'/> <emphasis level='moderate'>or Whisper, shout, talk?</emphasis><break time='800ms'/> What do you think?</speak>","Read this like a cheerful, clear elementary school teacher reading to a small child:"
L.1.5d,q2-hint.mp3,<speak>Here's a hint! Which is the quietest? Which is the loudest?</speak>,"Read this like a cheerful, clear elementary school teacher reading to a small child:"
L.1.5d,q3.mp3,<speak> <emphasis level='moderate'>Which word means to move FASTER than 'walk'?</emphasis><break time='800ms'/> Does it mean... Sit? <break time='600ms'/> Crawl? <break time='600ms'/> Run? <break time='600ms'/> or Stand? <break time=\'400ms\'/> What do you think?</speak>,"Read this like a cheerful, clear elementary school teacher reading to a small child:"
L.1.5d,q3-hint.mp3,<speak>Here's a hint! Walking is medium speed. What's faster?</speak>,"Read this like a cheerful, clear elementary school teacher reading to a small child:"
L.1.5d,q4.mp3,<speak> <emphasis level='moderate'>Which word shows a STRONGER feeling than 'happy'?</emphasis><break time='800ms'/> Sad? <break time='600ms'/> Okay? <break time='600ms'/> Thrilled? <break time='600ms'/> or Fine? <break time=\'400ms\'/> What do you think?</speak>,"Read this like a cheerful, clear elementary school teacher reading to a small child:"
L.1.5d,q4-hint.mp3,<speak>Here's a hint! Thrilled means extremely happy . <break time='500ms'/> even more than just happy.</speak>,"Read this like a cheerful, clear elementary school teacher reading to a small child:"
L.1.5d,q5.mp3,"<speak> Put these in order from coldest to hottest: warm, freezing, hot Hot, warm, freezing Freezing, warm, hot Warm, freezing, hot.<break time='1s'/> <emphasis level='moderate'>or Hot, freezing, warm?</emphasis><break time='800ms'/> What do you think?</speak>","Read this like a cheerful, clear elementary school teacher reading to a small child:"
L.1.5d,q5-hint.mp3,<speak>Here's a hint! Start with the coldest temperature and end with the hottest.</speak>,"Read this like a cheerful, clear elementary school teacher reading to a small child:"
L.1.6,q1.mp3,<speak> Which word best completes: 'The _____ elephant sprayed water with its trunk.' tiny enormous quiet.<break time='1s'/> <emphasis level='moderate'>or fast?</emphasis><break time='800ms'/> What do you think?</speak>,"Read this like a cheerful, clear elementary school teacher reading to a small child:"
L.1.6,q1-hint.mp3,<speak>Here's a hint! Elephants are very big. Which word means very big?</speak>,"Read this like a cheerful, clear elementary school teacher reading to a small child:"
L.1.6,q2.mp3,<speak> 'Because' is a word that tells you: When something happened The reason why Who did it.<break time='1s'/> <emphasis level='moderate'>or Where it happened?</emphasis><break time='800ms'/> What do you think?</speak>,"Read this like a cheerful, clear elementary school teacher reading to a small child:"
L.1.6,q2-hint.mp3,<speak>Here's a hint! 'I wore a coat BECAUSE it was cold.' Because gives the reason.</speak>,"Read this like a cheerful, clear elementary school teacher reading to a small child:"
L.1.6,q3.mp3,<speak> Which word best completes: 'She was _____ to get a new puppy.' sad angry excited.<break time='1s'/> <emphasis level='moderate'>or bored?</emphasis><break time='800ms'/> What do you think?</speak>,"Read this like a cheerful, clear elementary school teacher reading to a small child:"
L.1.6,q3-hint.mp3,<speak>Here's a hint! Getting a new puppy is a happy thing!</speak>,"Read this like a cheerful, clear elementary school teacher reading to a small child:"
L.1.6,q4.mp3,<speak> 'However' means the same as: And also But Because.<break time='1s'/> <emphasis level='moderate'>or Then?</emphasis><break time='800ms'/> What do you think?</speak>,"Read this like a cheerful, clear elementary school teacher reading to a small child:"
L.1.6,q4-hint.mp3,"<speak>Here's a hint! 'I wanted ice cream. However, the store was closed.' . <break time='500ms'/> this means BUT.</speak>","Read this like a cheerful, clear elementary school teacher reading to a small child:"
L.1.6,q5.mp3,<speak> <emphasis level='moderate'>Which sentence uses 'beautiful' correctly?</emphasis><break time='800ms'/> The beautiful ran fast? <break time='600ms'/> She saw a beautiful sunset? <break time='600ms'/> He ate a beautiful? <break time='600ms'/> or Beautiful the cat slept? <break time=\'400ms\'/> What do you think?</speak>,"Read this like a cheerful, clear elementary school teacher reading to a small child:"
L.1.6,q5-hint.mp3,<speak>Here's a hint! Beautiful describes something . <break time='500ms'/> it needs a noun after it.</speak>,"Read this like a cheerful, clear elementary school teacher reading to a small child:"
