Folder,Filename,QuestionID,Type,Prompt,Choices,Correct
pk-L1,q1.png,pk-L1-P1,practice,"Find the letter A","A | B | D | F",A
pk-L1,q2.png,pk-L1-P2,practice,"Which letter starts 'Cat'?","D | C | B | E",C
pk-L1,q3.png,pk-L1-P3,practice,"Find the letter that looks like a mountain","C | D | A | F",A
pk-L1,q4.png,pk-L1-P4,practice,"Which letter starts 'Dog'?","B | F | D | A",D
pk-L1,q5.png,pk-L1-P5,practice,"Find the letter with three arms","F | E | B | C",E
pk-L1,rq1.png,pk-L1-R1,reading,"What letter is for Apple?","B | A | C | D",A
pk-L1,rq2.png,pk-L1-R2,reading,"What animal goes with the letter C?","Dog | Fish | Cat | Elephant",Cat
pk-L1,rq3.png,pk-L1-R3,reading,"How many letters did we learn?","4 | 5 | 6 | 7",6
pk-L2,q1.png,pk-L2-P1,practice,"Find the letter with a hook at the bottom","L | I | J | G",J
pk-L2,q2.png,pk-L2-P2,practice,"Which letter starts 'House'?","G | H | K | I",H
pk-L2,q3.png,pk-L2-P3,practice,"Find the letter L","I | J | L | K",L
pk-L2,q4.png,pk-L2-P4,practice,"Which letter is like C with a shelf?","H | G | J | K",G
pk-L2,q5.png,pk-L2-P5,practice,"Which letter starts 'Kite'?","K | L | H | I",K
pk-L2,rq1.png,pk-L2-R1,reading,"What is G for?","Grapes | House | Juice | Kite",Grapes
pk-L2,rq2.png,pk-L2-R2,reading,"What flies high in the sky?","Lion | Ice cream | Kite | House",Kite
pk-L2,rq3.png,pk-L2-R3,reading,"Which letter is for something you drink?","G | J | K | L",J
pk-L3,q1.png,pk-L3-P1,practice,"Which starts like 'ball'?","bat | cat | sun | top",bat
pk-L3,q2.png,pk-L3-P2,practice,"Which starts like 'moon'?","sun | mom | top | ball",mom
pk-L3,q3.png,pk-L3-P3,practice,"Which starts like 'sun'?","ball | moon | star | tiger",star
pk-L3,q4.png,pk-L3-P4,practice,"Which starts like 'top'?","tree | ball | snake | mouse",tree
pk-L3,q5.png,pk-L3-P5,practice,"Which starts like 'bear'?","star | moon | boat | top",boat
pk-L3,rq1.png,pk-L3-R1,reading,"What sound does Bear hear?","/b/ | /m/ | /s/ | /t/",/b/
pk-L3,rq2.png,pk-L3-R2,reading,"Who hears the /m/ sound?","Bear | Snake | Mouse | Tiger",Mouse
pk-L3,rq3.png,pk-L3-R3,reading,"What is one of Snake's /s/ words?","Ball | Moon | Sun | Bat",Sun
pk-L4,q1.png,pk-L4-P1,practice,"What rhymes with 'cat'?","dog | hat | cup | sun",hat
pk-L4,q2.png,pk-L4-P2,practice,"What rhymes with 'bug'?","big | bag | hug | bed",hug
pk-L4,q3.png,pk-L4-P3,practice,"What rhymes with 'hop'?","hat | hot | top | hug",top
pk-L4,q4.png,pk-L4-P4,practice,"What rhymes with 'bed'?","bad | bid | red | rug",red
pk-L4,q5.png,pk-L4-P5,practice,"What rhymes with 'mug'?","mop | rug | mat | red",rug
pk-L4,rq1.png,pk-L4-R1,reading,"What did Cat sit on?","A rug | A mat | A bed | A mop",A mat
pk-L4,rq2.png,pk-L4-R2,reading,"What did Bug give Cat?","A hat | A mug | A hug | A bat",A hug
pk-L4,rq3.png,pk-L4-R3,reading,"Which word rhymes with 'hug'?","hat | rug | hop | bed",rug
pk-L5,q1.png,pk-L5-P1,practice,"Which is the lowercase of A?","b | d | a | m",a
pk-L5,q2.png,pk-L5-P2,practice,"Which is the uppercase of b?","D | B | A | M",B
pk-L5,q3.png,pk-L5-P3,practice,"Which is the lowercase of D?","b | a | d | s",d
pk-L5,q4.png,pk-L5-P4,practice,"Which is the uppercase of m?","M | B | D | S",M
pk-L5,q5.png,pk-L5-P5,practice,"Which is the lowercase of S?","a | s | m | d",s
pk-L5,rq1.png,pk-L5-R1,reading,"What is Big A compared to?","A pebble | A mountain | A ball | A star",A mountain
pk-L5,rq2.png,pk-L5-R2,reading,"How many bumps does Big B have?","1 | 2 | 3 | 0",2
pk-L5,rq3.png,pk-L5-R3,reading,"Every letter has a what?","A friend | A color | A twin | A number",A twin
pk-L6,q1.png,pk-L6-P1,practice,"Find the letter with two humps","N | M | P | R",M
pk-L6,q2.png,pk-L6-P2,practice,"Which letter is a perfect circle?","Q | P | O | R",O
pk-L6,q3.png,pk-L6-P3,practice,"Which letter starts 'Penguin'?","Q | R | N | P",P
pk-L6,q4.png,pk-L6-P4,practice,"Which letter has a little tail?","O | Q | P | M",Q
pk-L6,q5.png,pk-L6-P5,practice,"Which letter starts 'Rocket'?","P | N | R | M",R
pk-L6,rq1.png,pk-L6-R1,reading,"Which letter is for something round?","M | O | P | R",O
pk-L6,rq2.png,pk-L6-R2,reading,"What does the queen wear?","A hat | A crown | A scarf | Glasses",A crown
pk-L6,rq3.png,pk-L6-R3,reading,"Which way does the rocket go?","Down | Left | Up | Sideways",Up
pk-L7,q1.png,pk-L7-P1,practice,"Which letter curves like a snake?","Z | S | W | V",S
pk-L7,q2.png,pk-L7-P2,practice,"Which letter is two V's together?","X | Y | W | U",W
pk-L7,q3.png,pk-L7-P3,practice,"Which letter starts 'Zebra'?","S | X | Y | Z",Z
pk-L7,q4.png,pk-L7-P4,practice,"Which letter looks like a cup?","V | U | W | Y",U
pk-L7,q5.png,pk-L7-P5,practice,"Which letter has two crossing lines?","T | Y | X | V",X
pk-L7,rq1.png,pk-L7-R1,reading,"What is the very last letter?","X | Y | Z | W",Z
pk-L7,rq2.png,pk-L7-R2,reading,"What is the biggest animal mentioned?","Zebra | Whale | Bird | Snake",Whale
pk-L7,rq3.png,pk-L7-R3,reading,"How many letters are in the whole alphabet?","20 | 24 | 26 | 30",26
k-L1,q1.png,k-L1-P1,practice,"What sound does B make?","/b/ like bat | /d/ like dog | /g/ like goat | /h/ like hat",/b/ like bat
k-L1,q2.png,k-L1-P2,practice,"What sound does F make?","/b/ like bat | /f/ like fan | /g/ like goat | /h/ like hat",/f/ like fan
k-L1,q3.png,k-L1-P3,practice,"Which letter makes the /d/ sound?","B | G | D | H",D
k-L1,q4.png,k-L1-P4,practice,"Which letter makes the /k/ sound?","G | D | F | C",C
k-L1,q5.png,k-L1-P5,practice,"What sound does G make?","/f/ | /g/ | /b/ | /d/",/g/
k-L1,rq1.png,k-L1-R1,reading,"What does B play?","Flute | Drum | Guitar | Piano",Drum
k-L1,rq2.png,k-L1-R2,reading,"Which letter blows the flute?","B | D | F | G",F
k-L1,rq3.png,k-L1-R3,reading,"What sound does G make on the guitar?","Boom | Da | Ffff | Guh",Guh
k-L2,q1.png,k-L2-P1,practice,"What vowel sound is in 'cat'?","Short A | Short E | Short I | Short O",Short A
k-L2,q2.png,k-L2-P2,practice,"What vowel sound is in 'pig'?","Short A | Short I | Short O | Short U",Short I
k-L2,q3.png,k-L2-P3,practice,"What vowel sound is in 'dog'?","Short A | Short E | Short O | Short U",Short O
k-L2,q4.png,k-L2-P4,practice,"What vowel sound is in 'bed'?","Short A | Short E | Short I | Short O",Short E
k-L2,q5.png,k-L2-P5,practice,"What vowel sound is in 'cup'?","Short E | Short I | Short O | Short U",Short U
k-L2,rq1.png,k-L2-R1,reading,"How many vowel friends are there?","3 | 4 | 5 | 6",5
k-L2,rq2.png,k-L2-R2,reading,"Which friend has the /≈è/ sound?","Ant | Elf | Ox | Up",Ox
k-L2,rq3.png,k-L2-R3,reading,"What do the vowels say about themselves?","They are big | Every word needs them | They like to play | They are fast",Every word needs them
k-L3,q1.png,k-L3-P1,practice,"/c/ + /a/ + /t/ = ?","cat | cut | cot | cap",cat
k-L3,q2.png,k-L3-P2,practice,"/d/ + /o/ + /g/ = ?","dig | dug | dog | dot",dog
k-L3,q3.png,k-L3-P3,practice,"/s/ + /u/ + /n/ = ?","sin | son | sun | sat",sun
k-L3,q4.png,k-L3-P4,practice,"/p/ + /i/ + /g/ = ?","pug | peg | pig | pag",pig
k-L3,q5.png,k-L3-P5,practice,"/b/ + /e/ + /d/ = ?","bad | bid | bud | bed",bed
k-L3,rq1.png,k-L3-R1,reading,"What pets does Sam have?","A cat and a pig | A cat and a dog | A dog and a bug | A pig and a hen",A cat and a dog
k-L3,rq2.png,k-L3-R2,reading,"Where did the cat sit?","In the sun | On a mat | In the mud | On Sam",On a mat
k-L3,rq3.png,k-L3-R3,reading,"What did the dog do?","Sat on a mat | Dug in the mud | Ran away | Ate a bug",Dug in the mud
k-L4,q1.png,k-L4-P1,practice,"Which word is 'the'?","the | teh | hte | eth",the
k-L4,q2.png,k-L4-P2,practice,"Fill in: ___ like to run.","A | I | Is | The",I
k-L4,q3.png,k-L4-P3,practice,"Fill in: I see ___ cat.","is | and | I | a",a
k-L4,q4.png,k-L4-P4,practice,"Fill in: The dog ___ big.","a | and | is | I",is
k-L4,q5.png,k-L4-P5,practice,"Fill in: A cat ___ a dog.","the | is | and | a",and
k-L4,rq1.png,k-L4-R1,reading,"What does the child see first?","A cat | The sun | A dog | The moon",The sun
k-L4,rq2.png,k-L4-R2,reading,"What is the cat like?","Big | Soft | Fast | Small",Soft
k-L4,rq3.png,k-L4-R3,reading,"Do the cat and dog like the child?","Yes | No | Maybe | Only the cat",Yes
k-L5,q1.png,k-L5-P1,practice,"Change the 'c' in 'cat' to 'h'. What word?","hat | hot | hit | hut",hat
k-L5,q2.png,k-L5-P2,practice,"Change the 'c' in 'can' to 'r'. What word?","run | ran | rin | ron",ran
k-L5,q3.png,k-L5-P3,practice,"Change the 'b' in 'big' to 'p'. What word?","peg | pug | pig | pag",pig
k-L5,q4.png,k-L5-P4,practice,"Change the 'm' in 'mat' to 'b'. What word?","bit | bat | but | bot",bat
k-L5,q5.png,k-L5-P5,practice,"Change the 'f' in 'fan' to 'v'. What word?","van | vin | vun | von",van
k-L5,rq1.png,k-L5-R1,reading,"Who put on a hat?","Cat | Bat | Rat | Pat",Rat
k-L5,rq2.png,k-L5-R2,reading,"Where did they have the picnic?","On a hat | On a mat | In a van | On a bat",On a mat
k-L5,rq3.png,k-L5-R3,reading,"What word family are cat, rat, and bat in?","-an | -ig | -at | -ot",-at
k-L6,q1.png,k-L6-P1,practice,"How many syllables in 'cat'?","1 | 2 | 3 | 4",1
k-L6,q2.png,k-L6-P2,practice,"How many syllables in 'tiger'?","1 | 2 | 3 | 4",2
k-L6,q3.png,k-L6-P3,practice,"How many syllables in 'elephant'?","1 | 2 | 3 | 4",3
k-L6,q4.png,k-L6-P4,practice,"How many syllables in 'fish'?","1 | 2 | 3 | 4",1
k-L6,q5.png,k-L6-P5,practice,"How many syllables in 'banana'?","1 | 2 | 3 | 4",3
k-L6,rq1.png,k-L6-R1,reading,"How many claps for 'dog'?","1 | 2 | 3 | 4",1
k-L6,rq2.png,k-L6-R2,reading,"Which word has the most claps?","Dog | Monkey | Butterfly | Caterpillar",Caterpillar
k-L6,rq3.png,k-L6-R3,reading,"What are the beats in a word called?","Rhymes | Syllables | Letters | Sounds",Syllables
k-L7,q1.png,k-L7-P1,practice,"I go ___ school.","to | do | of | we",to
k-L7,q2.png,k-L7-P2,practice,"___ are my best friend.","She | My | You | We",You
k-L7,q3.png,k-L7-P3,practice,"This is ___ cat.","she | my | to | do",my
k-L7,q4.png,k-L7-P4,practice,"What ___ you want?","are | of | to | do",do
k-L7,q5.png,k-L7-P5,practice,"___ like to run and play.","My | Of | We | To",We
k-L7,rq1.png,k-L7-R1,reading,"Who is 'my best friend' in the story?","She | You | We | My sister",You
k-L7,rq2.png,k-L7-R2,reading,"Where do they go?","School | Home | The park | The shop",The park
k-L7,rq3.png,k-L7-R3,reading,"What do friends do?","Fight | Run away | Share | Sleep",Share
k-L8,q1.png,k-L8-P1,practice,"Which direction do we read?","Right to left | Left to right | Bottom to top | Any direction",Left to right
k-L8,q2.png,k-L8-P2,practice,"Where do we start reading on a page?","The bottom | The middle | The top | The right side",The top
k-L8,q3.png,k-L8-P3,practice,"Why do words have spaces between them?","To look pretty | So we know where each word starts and stops | Because the pen needs a rest | No reason",So we know where each word starts and stops
k-L8,q4.png,k-L8-P4,practice,"Which is correct?","Ilikefish | I like fish | I   like   fish | iLIKEfish",I like fish
k-L8,q5.png,k-L8-P5,practice,"What do letters make when put together?","Numbers | Pictures | Words | Colors",Words
k-L8,rq1.png,k-L8-R1,reading,"Where do you start reading?","Right side | Bottom | Left side at the top | The middle",Left side at the top
k-L8,rq2.png,k-L8-R2,reading,"What goes between words?","Lines | Dots | Spaces | Stars",Spaces
k-L8,rq3.png,k-L8-R3,reading,"What are words made of?","Numbers | Letters | Pictures | Colors",Letters
k-L9,rq1.png,k-L9-R1,reading,"What color was Sam's hat?","Blue | Red | Green | Yellow",Red
k-L9,rq2.png,k-L9-R2,reading,"Who sat on the mat?","Sam | The dog | The cat | The hen",The cat
k-L9,rq3.png,k-L9-R3,reading,"How did Sam feel at the end?","Sad | Mad | Glad | Scared",Glad
k-L10,rq1.png,k-L10-R1,reading,"Where is the hen?","In a box | In a pen | On a log | In the mud",In a pen
k-L10,rq2.png,k-L10-R2,reading,"What did the hen sit on?","A mat | A hat | Ten eggs | A box",Ten eggs
k-L10,rq3.png,k-L10-R3,reading,"What did Meg say to the hen?",""Run, hen, run!" | "You are the best hen!" | "Sit, hen, sit!" | "Come here, hen!"","You are the best hen!"
k-L11,rq1.png,k-L11-R1,reading,"What can Tim do?","Fly | Dig | Swim | Cook",Dig
k-L11,rq2.png,k-L11-R2,reading,"Where does Tim sit?","On a mat | On a log | In the mud | In a pen",In the mud
k-L11,rq3.png,k-L11-R3,reading,"Is Tim big?","Yes, Tim is big | No, Tim is not big | Tim is very big | Tim is the biggest",No, Tim is not big
k-L12,rq1.png,k-L12-R1,reading,"Where is the box?","On a mat | On a log | In the mud | On the bed",On a log
k-L12,rq2.png,k-L12-R2,reading,"What happened to the box?","It fell | It tipped | It broke | It ran away",It tipped
k-L12,rq3.png,k-L12-R3,reading,"What is in the box?","Rocks | Blocks | Socks | A fox",Socks
k-L13,rq1.png,k-L13-R1,reading,"Where does Bud run?","In the rain | In the sun | In the dark | In the snow",In the sun
k-L13,rq2.png,k-L13-R2,reading,"What did Bud jump in?","A pool | The mud | A box | The sand",The mud
k-L13,rq3.png,k-L13-R3,reading,"Who did Bud hug?","His mom | His cat | His pup | His hen",His pup
1-L1,q1.png,1-L1-P1,practice,"Which word starts with 'bl'?","blue | glue | clue | flue",blue
1-L1,q2.png,1-L1-P2,practice,"Which word starts with 'cl'?","flip | slip | clip | trip",clip
1-L1,q3.png,1-L1-P3,practice,"Which word starts with 'st'?","slop | stop | flop | drop",stop
1-L1,q4.png,1-L1-P4,practice,"Which word starts with 'tr'?","tree | free | three | bee",tree
1-L1,q5.png,1-L1-P5,practice,"Which word starts with 'fl'?","slow | glow | flow | blow",flow
1-L1,rq1.png,1-L1-R1,reading,"What blend starts 'Brad'?","bl | br | cl | fl",br
1-L1,rq2.png,1-L1-R2,reading,"What did Brad climb?","A slide | A tree | A flag | A truck",A tree
1-L1,rq3.png,1-L1-R3,reading,"What color was the flag?","Red | Green | Blue | Yellow",Blue
1-L2,q1.png,1-L2-P1,practice,"What digraph is in 'ship'?","ch | sh | th | wh",sh
1-L2,q2.png,1-L2-P2,practice,"What digraph is in 'cheese'?","sh | th | ch | wh",ch
1-L2,q3.png,1-L2-P3,practice,"What digraph is in 'bath'?","ch | wh | sh | th",th
1-L2,q4.png,1-L2-P4,practice,"What digraph is in 'when'?","sh | ch | th | wh",wh
1-L2,q5.png,1-L2-P5,practice,"Which word has the 'sh' sound?","chip | fish | thin | what",fish
1-L2,rq1.png,1-L2-R1,reading,"Where did Chad go?","The fish shop | The shell shop | The chip shop | The shoe shop",The shell shop
1-L2,rq2.png,1-L2-R2,reading,"What two things did Chad get?","Fish and chips | A shell and cheese | A bath and a ship | A hat and shoes",A shell and cheese
1-L2,rq3.png,1-L2-R3,reading,"What digraph starts 'Chad'?","sh | th | ch | wh",ch
1-L3,q1.png,1-L3-P1,practice,"Add E to 'cap'. What word?","cape | cap | cope | cup",cape
1-L3,q2.png,1-L3-P2,practice,"Add E to 'hop'. What word?","hop | hype | hope | hip",hope
1-L3,q3.png,1-L3-P3,practice,"Add E to 'cub'. What word?","cab | cube | cob | curb",cube
1-L3,q4.png,1-L3-P4,practice,"Add E to 'kit'. What word?","kite | kit | Kate | bite",kite
1-L3,q5.png,1-L3-P5,practice,"Which word has Magic E?","dog | hat | bike | cup",bike
1-L3,rq1.png,1-L3-R1,reading,"What did E find?","A hat | A cape | A kite | A cube",A cape
1-L3,rq2.png,1-L3-R2,reading,"What does Magic E do to vowels?","Makes them quiet | Makes them say their name | Makes them disappear | Makes them short",Makes them say their name
1-L3,rq3.png,1-L3-R3,reading,"What did 'kit' become?","Kate | Kite | Kit | Bite",Kite
1-L4,q1.png,1-L4-P1,practice,"Read: 'The frog jumped on the log.' What did the frog do?","Sat on a log | Jumped on a log | Swam in a log | Hid in a log",Jumped on a log
1-L4,q2.png,1-L4-P2,practice,"Read: 'Mom made a big cake for Jill.' Who is the cake for?","Dad | Mom | Jill | The dog",Jill
1-L4,q3.png,1-L4-P3,practice,"Read: 'The black cat slept on the bed.' Where did the cat sleep?","On the mat | In the box | On the bed | On the rug",On the bed
1-L4,q4.png,1-L4-P4,practice,"Read: 'Tom and Kim went to the shop.' How many people went?","1 | 2 | 3 | 4",2
1-L4,q5.png,1-L4-P5,practice,"Read: 'It is hot today. Let's get ice cream!' Why do they want ice cream?","It is cold | It is hot | It is raining | It is night",It is hot
1-L4,rq1.png,1-L4-R1,reading,"Where did Kim and Jack go?","The park | The beach | The shop | The school",The beach
1-L4,rq2.png,1-L4-R2,reading,"What did Jack make?","A shell | A boat | A sand castle | A flag",A sand castle
1-L4,rq3.png,1-L4-R3,reading,"How many shells did Kim find?","1 | 2 | 3 | 4",3
1-L5,q1.png,1-L5-P1,practice,"'Hello!' ___ the boy.","sad | said | sid | sayed",said
1-L5,q2.png,1-L5-P2,practice,"I ___ a big dog.","hav | has | have | hive",have
1-L5,q3.png,1-L5-P3,practice,"It ___ a rainy day.","was | waz | wus | were",was
1-L5,q4.png,1-L5-P4,practice,"___ went to the park.","Them | They | The | Then",They
1-L5,q5.png,1-L5-P5,practice,"___ play with me!","Came | Come | Comb | Some",Come
1-L5,rq1.png,1-L5-R1,reading,"Who said 'Come play!'?","Ben | Mia | Mom | Dad",Mia
1-L5,rq2.png,1-L5-R2,reading,"What do they have?","A kite and a bat | A ball and a rope | A book and a pen | A hat and a bag",A ball and a rope
1-L5,rq3.png,1-L5-R3,reading,"What sight word fills in: 'This ___ the best day'?","is | was | have | said",was
1-L6,q1.png,1-L6-P1,practice,"What kind of A is in 'cake'?","Short A | Long A",Long A
1-L6,q2.png,1-L6-P2,practice,"What kind of I is in 'pig'?","Short I | Long I",Short I
1-L6,q3.png,1-L6-P3,practice,"What kind of O is in 'bone'?","Short O | Long O",Long O
1-L6,q4.png,1-L6-P4,practice,"Which word has a LONG E?","bed | tree | pet | hen",tree
1-L6,q5.png,1-L6-P5,practice,"Which word has a SHORT U?","cute | flute | cup | use",cup
1-L6,rq1.png,1-L6-R1,reading,"What is Short A's sound like in...?","cake | cat | make | lake",cat
1-L6,rq2.png,1-L6-R2,reading,"Does Long I sound like 'pig' or 'bike'?","pig | bike",bike
1-L6,rq3.png,1-L6-R3,reading,"How many sounds does each vowel have?","1 | 2 | 3 | 4",2
1-L7,q1.png,1-L7-P1,practice,"Split 'sunset' into two parts:","su + nset | sun + set | suns + et | s + unset",sun + set
1-L7,q2.png,1-L7-P2,practice,"Split 'kitten' into two parts:","ki + tten | kit + ten | k + itten | kitte + n",kit + ten
1-L7,q3.png,1-L7-P3,practice,"Split 'rabbit' into two parts:","ra + bbit | rab + bit | r + abbit | rabbi + t",rab + bit
1-L7,q4.png,1-L7-P4,practice,"How many syllables in 'napkin'?","1 | 2 | 3 | 4",2
1-L7,q5.png,1-L7-P5,practice,"Every syllable must have a:","Consonant | Vowel | Blend | Digraph",Vowel
1-L7,rq1.png,1-L7-R1,reading,"Where was the kitten?","In a box | In a basket | On a bed | In a tree",In a basket
1-L7,rq2.png,1-L7-R2,reading,"How many syllables in 'ribbon'?","1 | 2 | 3 | 4",2
1-L7,rq3.png,1-L7-R3,reading,"What did Max do to read big words?","Guessed | Skipped them | Broke them into parts | Asked for help",Broke them into parts
1-L8,q1.png,1-L8-P1,practice,"One cat, two ___","cats | cating | cated | cates",cats
1-L8,q2.png,1-L8-P2,practice,"One box, two ___","boxs | boxes | boxing | boxed",boxes
1-L8,q3.png,1-L8-P3,practice,"She is ___ right now. (run)","runs | runned | running | runed",running
1-L8,q4.png,1-L8-P4,practice,"Yesterday, I ___ to school. (walk)","walks | walking | walked | walkes",walked
1-L8,q5.png,1-L8-P5,practice,"He ___ over the puddle. (jump + already happened)","jumps | jumping | jumped | jumpes",jumped
1-L8,rq1.png,1-L8-R1,reading,"What ending means 'more than one'?","-ing | -ed | -s or -es | -ly",-s or -es
1-L8,rq2.png,1-L8-R2,reading,"What are the dogs doing? (What ending tells you?)","Running (-ing = happening now) | Runned (-ed = past) | Runs (-s = more than one) | Run (no ending)",Running (-ing = happening now)
1-L8,rq3.png,1-L8-R3,reading,"What did Ben do after lunch?","Jumped | Washed dishes | Read a book | Ran in the park",Washed dishes
2-L1,q1.png,2-L1-P1,practice,"R___N (it falls from the sky)","rain (ai) | rayn (ay)",rain (ai)
2-L1,q2.png,2-L1-P2,practice,"PL___ (to have fun)","plai | play (ay)",play (ay)
2-L1,q3.png,2-L1-P3,practice,"TR___N (choo choo!)","train (ai) | trayn (ay)",train (ai)
2-L1,q4.png,2-L1-P4,practice,"D___ (24 hours)","dai | day (ay)",day (ay)
2-L1,q5.png,2-L1-P5,practice,"P___NT (art class!)","paint (ai) | paynt (ay)",paint (ai)
2-L1,rq1.png,2-L1-R1,reading,"Why couldn't Jay play outside at first?","It was dark | It was raining | He was sick | He had homework",It was raining
2-L1,rq2.png,2-L1-R2,reading,"What did Jay paint on the mail truck?","A boat | A train | A plane | A cat",A train
2-L1,rq3.png,2-L1-R3,reading,"Find two words with 'ay': ","rain, paint | day, play | came, down | sun, golden",day, play
2-L2,q1.png,2-L2-P1,practice,"sun + flower = ?","sunflower | sunlight | sunshine | sunset",sunflower
2-L2,q2.png,2-L2-P2,practice,"rain + bow = ?","raincoat | rainbow | raindrop | rainfall",rainbow
2-L2,q3.png,2-L2-P3,practice,"What two words make 'bedroom'?","be + droom | bed + room | bed + doom | bear + room",bed + room
2-L2,q4.png,2-L2-P4,practice,"cup + cake = ?","cupcake | pancake | hotcake | oatcake",cupcake
2-L2,q5.png,2-L2-P5,practice,"What two words make 'butterfly'?","but + fly | butt + fly | butter + fly | button + fly",butter + fly
2-L2,rq1.png,2-L2-R1,reading,"Name a compound word from the story.","amazing | butterfly | landed | crawled",butterfly
2-L2,rq2.png,2-L2-R2,reading,"What did Emma eat?","A blueberry | A sunflower | A cupcake | A pancake",A cupcake
2-L2,rq3.png,2-L2-R3,reading,"What lit up the night?","A rainbow | A firefly | A ladybug | The sun",A firefly
2-L3,q1.png,2-L3-P1,practice,"What does 'unhappy' mean?","Very happy | Not happy | Happy again | Almost happy",Not happy
2-L3,q2.png,2-L3-P2,practice,"What does 'rewrite' mean?","Not write | Write fast | Write again | Write badly",Write again
2-L3,q3.png,2-L3-P3,practice,"What does 'unsafe' mean?","Very safe | Not safe | Safe again | Almost safe",Not safe
2-L3,q4.png,2-L3-P4,practice,"What does 'replay' mean?","Not play | Play again | Play fast | Play alone",Play again
2-L3,q5.png,2-L3-P5,practice,"Add 'un-' to 'fair'. What does 'unfair' mean?","Very fair | Not fair | Fair again | Almost fair",Not fair
2-L3,rq1.png,2-L3-R1,reading,"Why was Max unhappy at first?","He was hungry | His drawing was unfinished | He lost his dog | It was raining",His drawing was unfinished
2-L3,rq2.png,2-L3-R2,reading,"What does 'redo' mean?","Do it badly | Not do it | Do it again | Do it fast",Do it again
2-L3,rq3.png,2-L3-R3,reading,"What is the opposite of 'unhappy'?","Sad | Angry | Tired | Happy",Happy
2-L4,q1.png,2-L4-P1,practice,"Leo put on his helmet and knee pads. He grabbed his skateboard. What is Leo about to do?","Cook dinner | Go skateboarding | Go to bed | Read a book",Go skateboarding
2-L4,q2.png,2-L4-P2,practice,"The baby's eyes were closing. She yawned and rubbed her eyes. How does the baby feel?","Hungry | Scared | Sleepy | Excited",Sleepy
2-L4,q3.png,2-L4-P3,practice,"Mom came home with bags of groceries and a birthday cake. What might happen soon?","A fire drill | A birthday party | A car wash | A haircut",A birthday party
2-L4,q4.png,2-L4-P4,practice,"Jake looked out the window and saw white flakes falling from the sky. What is the weather?","Rainy | Sunny | Snowy | Windy",Snowy
2-L4,q5.png,2-L4-P5,practice,"The cat arched its back and hissed at the dog. How does the cat feel?","Happy | Scared or angry | Sleepy | Hungry",Scared or angry
2-L4,rq1.png,2-L4-R1,reading,"What animal do you think visited?","A dog | A bird | A cat | A rabbit",A cat
2-L4,rq2.png,2-L4-R2,reading,"What clue tells you the visitor was hungry?","Muddy footprints | Scratch marks | Empty food bowl | The meow sound",Empty food bowl
2-L4,rq3.png,2-L4-R3,reading,"How does Ava feel about the visitor?","Scared | Angry | Happy and kind | Confused",Happy and kind
2-L5,q1.png,2-L5-P1,practice,"Yesterday, I _____ to the store. (walk)","walking | walked",walked
2-L5,q2.png,2-L5-P2,practice,"Right now, she is _____ a song. (sing)","singing | singed",singing
2-L5,q3.png,2-L5-P3,practice,"Last week, they _____ a fort. (build)","building | built",built
2-L5,q4.png,2-L5-P4,practice,"He is _____ his homework right now. (do)","doing | did",doing
2-L5,q5.png,2-L5-P5,practice,"We _____ at the funny movie last night. (laugh)","laughing | laughed",laughed
2-L5,rq1.png,2-L5-R1,reading,"When did the play happen?","Today | Last week | Tomorrow | Right now",Last week
2-L5,rq2.png,2-L5-R2,reading,"What was Nora doing in the play?","Talking | Dancing | Singing | Drawing",Singing
2-L5,rq3.png,2-L5-R3,reading,"Find a word with -ed that means 'already happened':","singing | talking | finished | amazing",finished
2-L6,q1.png,2-L6-P1,practice,"TR___  (it grows in the ground)","tree (ee) | trea (ea)",tree (ee)
2-L6,q2.png,2-L6-P2,practice,"B___CH  (sandy place by the water)","beech (ee) | beach (ea)",beach (ea)
2-L6,q3.png,2-L6-P3,practice,"SL___P  (what you do at night)","sleep (ee) | sleap (ea)",sleep (ee)
2-L6,q4.png,2-L6-P4,practice,"CL___N  (not dirty)","cleen (ee) | clean (ea)",clean (ea)
2-L6,q5.png,2-L6-P5,practice,"GR___N  (color of grass)","green (ee) | grean (ea)",green (ee)
2-L6,rq1.png,2-L6-R1,reading,"Find a word with 'ee':","beach | team | tree | clean",tree
2-L6,rq2.png,2-L6-R2,reading,"Find a word with 'ea':","sleep | green | feet | beach",beach
2-L6,rq3.png,2-L6-R3,reading,"What did they do under the tree?","Swam | Read books | Ate lunch | Played ball",Read books
2-L7,q1.png,2-L7-P1,practice,"B___T  (floats on water)","boat (oa) | bowt (ow)",boat (oa)
2-L7,q2.png,2-L7-P2,practice,"SN___  (white and cold)","snoa (oa) | snow (ow)",snow (ow)
2-L7,q3.png,2-L7-P3,practice,"C___T  (you wear it when cold)","coat (oa) | cowt (ow)",coat (oa)
2-L7,q4.png,2-L7-P4,practice,"GR___  (what plants do)","groa (oa) | grow (ow)",grow (ow)
2-L7,q5.png,2-L7-P5,practice,"T___ST  (breakfast bread)","toast (oa) | towst (ow)",toast (oa)
2-L7,rq1.png,2-L7-R1,reading,"What did the goat put on?","A hat | A coat | A scarf | Boots",A coat
2-L7,rq2.png,2-L7-R2,reading,"Why didn't the goat row the boat?","Too tired | Too cold | Too dark | Too far",Too cold
2-L7,rq3.png,2-L7-R3,reading,"Find a word with 'oa':","snow | slow | show | goat",goat
2-L8,q1.png,2-L8-P1,practice,"I ___ like to go swimming. (sounds like 'wood')","would | could | should | wold",would
2-L8,q2.png,2-L8-P2,practice,"You ___ brush your teeth. (sounds like 'shood')","could | would | should | shoud",should
2-L8,q3.png,2-L8-P3,practice,"We walked ___ the tunnel. (sounds like 'throo')","though | through | threw | thorough",through
2-L8,q4.png,2-L8-P4,practice,"I had ___ cookies. (sounds like 'ee-nuf')","enugh | enogh | enough | enuf",enough
2-L8,q5.png,2-L8-P5,practice,"I'm happy ___ it's my birthday.","becuz | becaus | because | becose",because
2-L8,rq1.png,2-L8-R1,reading,"What do 'could,' 'would,' and 'should' have in common?","Silent K | Silent L | Silent B | Silent W",Silent L
2-L8,rq2.png,2-L8-R2,reading,"Do 'through' and 'enough' sound the same?","Yes, they rhyme | No, the 'ough' sounds different | Yes, same ending | They have no letters in common",No, the 'ough' sounds different
2-L8,rq3.png,2-L8-R3,reading,"What did the tricky words decide to start?","A school | A band | A race | A book",A band
2-L9,q1.png,2-L9-P1,practice,"What does 'disagree' mean?","Agree a lot | Not agree | Agree before | Agree slowly",Not agree
2-L9,q2.png,2-L9-P2,practice,"What does 'preheat' mean?","Heat again | Not heat | Heat before | Heat after",Heat before
2-L9,q3.png,2-L9-P3,practice,"What does 'thankful' mean?","Without thanks | Full of thanks | Thanks before | Not thankful",Full of thanks
2-L9,q4.png,2-L9-P4,practice,"What does 'fearless' mean?","Full of fear | Without fear | Fear before | Very fearful",Without fear
2-L9,q5.png,2-L9-P5,practice,"What does 'softly' mean?","Full of soft | Without soft | In a soft way | Not soft",In a soft way
2-L9,rq1.png,2-L9-R1,reading,"What does 'fearless' mean?","Full of fear | Without fear | Very afraid | Fear again",Without fear
2-L9,rq2.png,2-L9-R2,reading,"What does 'carefully' mean?","Without care | Full of care | In a careful way | Not caring",In a careful way
2-L9,rq3.png,2-L9-R3,reading,"Find a word with the prefix 'dis-':","fearless | prewash | disappear | thankful",disappear
3-L1,q1.png,3-L1-P1,practice,"Which letter is silent in 'know'?","k | n | o | w",k
3-L1,q2.png,3-L1-P2,practice,"Which letter is silent in 'write'?","w | r | i | e",w
3-L1,q3.png,3-L1-P3,practice,"What sound does PH make in 'phone'?","/p/ | /h/ | /f/ | /ph/",/f/
3-L1,q4.png,3-L1-P4,practice,"What vowel sound is in 'night'?","Short i | Long i | Short a | Long a",Long i
3-L1,q5.png,3-L1-P5,practice,"Which word has a silent letter?","stop | plan | knee | fast",knee
3-L1,rq1.png,3-L1-R1,reading,"What is Phillip's hobby?","Writing | Photography | Cooking | Drawing",Photography
3-L1,rq2.png,3-L1-R2,reading,"Find a word with a silent K.","night | know | photo | bright",know
3-L1,rq3.png,3-L1-R3,reading,"What did Phillip see in the sky?","An airplane | A bird | A shooting star | A cloud",A shooting star
3-L2,q1.png,3-L2-P1,practice,"Read: 'Bees are very important. They help flowers grow by spreading pollen. Without bees, we wouldn't have many fruits and vegetables.' What is the main idea?","Flowers need water | Bees are very important | Fruits taste good | Pollen is yellow",Bees are very important
3-L2,q2.png,3-L2-P2,practice,"Read: 'Exercise keeps your body healthy. It makes your heart strong and your muscles big. Even a short walk each day can help.' What is the main idea?","Walking is boring | Exercise keeps your body healthy | Muscles are big | Hearts are important",Exercise keeps your body healthy
3-L2,q3.png,3-L2-P3,practice,"Read: 'The ocean is home to many creatures. Fish, whales, dolphins, and jellyfish all live there. Coral reefs are like underwater cities.' What is the main idea?","Jellyfish are scary | Coral is colorful | The ocean is home to many creatures | Dolphins are smart",The ocean is home to many creatures
3-L2,q4.png,3-L2-P4,practice,"Which is a DETAIL, not a main idea? 'Dogs make great pets. They are loyal and friendly.'","Dogs make great pets | They are loyal and friendly",They are loyal and friendly
3-L2,q5.png,3-L2-P5,practice,"Read: 'Water is essential for life. Humans need about 8 glasses a day. Plants need water to grow. Even desert animals find ways to get water.' Main idea?","Deserts are dry | Plants need sun | Water is essential for life | 8 glasses is a lot",Water is essential for life
3-L2,rq1.png,3-L2-R1,reading,"What is the main idea of this passage?","Octopuses have eight arms | Octopuses can change color | The octopus is an amazing animal | Scientists study the ocean",The octopus is an amazing animal
3-L2,rq2.png,3-L2-R2,reading,"Which is a supporting detail?","Octopuses are amazing | They can change color in less than a second | The ocean is big | Animals are interesting",They can change color in less than a second
3-L2,rq3.png,3-L2-R3,reading,"Why does an octopus change color?","To look pretty | To hide or sneak up on prey | Because it's cold | To attract friends",To hide or sneak up on prey
3-L3,q1.png,3-L3-P1,practice,"'The jubilant fans cheered and danced when their team won.' What does 'jubilant' mean?","Sad | Very happy | Tired | Quiet",Very happy
3-L3,q2.png,3-L3-P2,practice,"'The peculiar noise was strange and unlike anything we'd heard before.' What does 'peculiar' mean?","Loud | Normal | Strange | Quiet",Strange
3-L3,q3.png,3-L3-P3,practice,"'After running five miles, the exhausted runner collapsed on the ground.' What does 'exhausted' mean?","Very tired | Very fast | Very happy | Very strong",Very tired
3-L3,q4.png,3-L3-P4,practice,"'The generous woman donated food, money, and clothes to people in need.' What does 'generous' mean?","Selfish | Mean | Giving and kind | Rich",Giving and kind
3-L3,q5.png,3-L3-P5,practice,"'The frigid wind made everyone shiver and put on heavy coats.' What does 'frigid' mean?","Warm | Very cold | Gentle | Strong",Very cold
3-L3,rq1.png,3-L3-R1,reading,"What does 'apprehensive' mean? (Use context clues!)","Excited | Worried/nervous | Happy | Bored",Worried/nervous
3-L3,rq2.png,3-L3-R2,reading,"What does 'captivated' mean based on the sentence?","Bored | Confused | Very interested | Angry",Very interested
3-L3,rq3.png,3-L3-R3,reading,"What was Olivia's project about?","How plants grow in soil | How plants respond to music | How to make a volcano | How animals sleep",How plants respond to music
3-L4,q1.png,3-L4-P1,practice,"There are 50 states in the United States.","Fact | Opinion",Fact
3-L4,q2.png,3-L4-P2,practice,"Pizza is the most delicious food.","Fact | Opinion",Opinion
3-L4,q3.png,3-L4-P3,practice,"The sun rises in the east.","Fact | Opinion",Fact
3-L4,q4.png,3-L4-P4,practice,"Reading is more fun than math.","Fact | Opinion",Opinion
3-L4,q5.png,3-L4-P5,practice,"Penguins live in cold climates.","Fact | Opinion",Fact
3-L4,rq1.png,3-L4-R1,reading,"Which is a FACT from the story?","Charlotte's Web is the greatest | It was written in 1952 | Harry Potter is better | Books are fun",It was written in 1952
3-L4,rq2.png,3-L4-R2,reading,"Which is an OPINION?","It sold 45 million copies | It was written in 1952 | Charlotte's Web is the greatest ever | Mr. Chen is the teacher",Charlotte's Web is the greatest ever
3-L4,rq3.png,3-L4-R3,reading,"What does Mr. Chen say good readers do?","Only state facts | Only share opinions | Use both facts and opinions | Read every day",Use both facts and opinions
3-L5,q1.png,3-L5-P1,practice,"'Her smile was as bright as the sun.' What technique is this?","Dialogue | Simile | Vivid verb | Sensory detail",Simile
3-L5,q2.png,3-L5-P2,practice,"'The thunder BOOMED across the valley.' What makes this sentence strong?","A simile | A vivid verb (boomed) | Dialogue | A question",A vivid verb (boomed)
3-L5,q3.png,3-L5-P3,practice,"'The warm, gooey chocolate melted on her tongue.' What technique?","Simile | Dialogue | Sensory details | Vivid verb",Sensory details
3-L5,q4.png,3-L5-P4,practice,"'""Run!"" shouted Maria.' What technique?","Simile | Sensory detail | Vivid verb | Dialogue",Dialogue
3-L5,q5.png,3-L5-P5,practice,"Which is more vivid? ","The dog went across the yard | The dog bounded across the yard",The dog bounded across the yard
3-L5,rq1.png,3-L5-R1,reading,"Find a simile in the story.","Rain hammered the roof | Dark as ink | Leaves danced | Dad hollered",Dark as ink
3-L5,rq2.png,3-L5-R2,reading,"Which is a vivid verb from the story?","went | said | hammered | was",hammered
3-L5,rq3.png,3-L5-R3,reading,"What sensory detail tells you how the cocoa felt?","It was brown | It soothed their shivery hands | They drank it | It was in a cup",It soothed their shivery hands
3-L6,q1.png,3-L6-P1,practice,"How many syllables in 'fantastic'?","2 | 3 | 4 | 5",3
3-L6,q2.png,3-L6-P2,practice,"Break apart 'remember':","re-mem-ber | rem-em-ber | remem-ber | r-ememb-er",re-mem-ber
3-L6,q3.png,3-L6-P3,practice,"How many syllables in 'important'?","2 | 3 | 4 | 5",3
3-L6,q4.png,3-L6-P4,practice,"Break apart 'adventure':","ad-ven-ture | adv-en-ture | a-dvent-ure | adven-ture",ad-ven-ture
3-L6,q5.png,3-L6-P5,practice,"What helps you count syllables?","Count the consonants | Count the vowel sounds | Count the letters | Count the words",Count the vowel sounds
3-L6,rq1.png,3-L6-R1,reading,"How many syllables does Sophia count in 'extraordinary'?","4 | 5 | 6 | 7",6
3-L6,rq2.png,3-L6-R2,reading,"What strategy does Sophia use for big words?","Skips them | Guesses | Splits them into syllables | Asks for help",Splits them into syllables
3-L6,rq3.png,3-L6-R3,reading,"What word means 'amazing' and has 4 syllables?","Adventure | Beautiful | Incredible | Fantastic",Incredible
3-L7,q1.png,3-L7-P1,practice,"'Once upon a time, a girl named Lily lived near a forest.' This is the:","Beginning | Middle | End",Beginning
3-L7,q2.png,3-L7-P2,practice,"'Suddenly, Lily heard a strange noise from the cave!' This is the:","Beginning | Middle | End",Middle
3-L7,q3.png,3-L7-P3,practice,"'Lily made it home safely and hugged her family.' This is the:","Beginning | Middle | End",End
3-L7,q4.png,3-L7-P4,practice,"Where do we learn about the characters?","Beginning | Middle | End",Beginning
3-L7,q5.png,3-L7-P5,practice,"Where does the problem usually get solved?","Beginning | Middle | End",End
3-L7,rq1.png,3-L7-R1,reading,"What happens in the BEGINNING?","Biscuit goes home | Zoe finds a lost puppy | Zoe makes posters | Mrs. Park calls",Zoe finds a lost puppy
3-L7,rq2.png,3-L7-R2,reading,"What is the PROBLEM in the middle?","The puppy is mean | No one claims the puppy | Zoe can't find posters | It's raining",No one claims the puppy
3-L7,rq3.png,3-L7-R3,reading,"How is the problem RESOLVED at the end?","Zoe keeps the puppy | The puppy runs away | The owner calls and comes to get Biscuit | Zoe takes Biscuit to a shelter",The owner calls and comes to get Biscuit
3-L8,q1.png,3-L8-P1,practice,"What is the base word in 'celebration'?","cell | celebrate | celeb | bration",celebrate
3-L8,q2.png,3-L8-P2,practice,"What suffix turns 'excite' into 'excitement'?","-tion | -ment | -ness | -ful",-ment
3-L8,q3.png,3-L8-P3,practice,"What does 'kindness' mean?","To be kind again | The quality of being kind | Not kind | Very kind",The quality of being kind
3-L8,q4.png,3-L8-P4,practice,"'Education' comes from the word:","educate | duck | edge | date",educate
3-L8,q5.png,3-L8-P5,practice,"Add -ness to 'dark'. What word?","darkment | darktion | darkness | darkly",darkness
3-L8,rq1.png,3-L8-R1,reading,"Find a word with '-tion':","kindness | excitement | celebration | happiness",celebration
3-L8,rq2.png,3-L8-R2,reading,"Find a word with '-ment':","celebration | excitement | kindness | education",excitement
3-L8,rq3.png,3-L8-R3,reading,"What was Marcus's project about?","Kindness | Happiness | Darkness and light | Education",Darkness and light
3-L9,q1.png,3-L9-P1,practice,"'I saw a star so bright, shining through the night.' Which words rhyme?","saw/star | bright/night | shining/through | I/the",bright/night
3-L9,q2.png,3-L9-P2,practice,"A group of lines in a poem is called a:","Paragraph | Chapter | Stanza | Section",Stanza
3-L9,q3.png,3-L9-P3,practice,"'The silver moon danced across the velvet sky.' This is an example of:","Rhyme | Rhythm | Imagery | Stanza",Imagery
3-L9,q4.png,3-L9-P4,practice,"How are poems different from stories?","They're always funny | They use rhythm and fewer words | They don't have meaning | They're always short",They use rhythm and fewer words
3-L9,q5.png,3-L9-P5,practice,"'Jack and Jill went up the HILL / to fetch a pail of WATER.' What rhymes?","Jack/Jill | Hill/water | Nothing rhymes here | Up/pail",Nothing rhymes here
3-L9,rq1.png,3-L9-R1,reading,"Which words rhyme in the first stanza?","book/world | see/me and car/star | open/waiting | far/fly",see/me and car/star
3-L9,rq2.png,3-L9-R2,reading,"How many stanzas does this poem have?","1 | 2 | 3 | 4",3
3-L9,rq3.png,3-L9-R3,reading,"What is the poem's message?","Reading is boring | Books are expensive | Reading takes you on adventures | Stars are far away",Reading takes you on adventures
3-L10,q1.png,3-L10-P1,practice,"'I couldn't believe my eyes when I saw the rainbow.' This is:","First person | Third person",First person
3-L10,q2.png,3-L10-P2,practice,"'She ran as fast as her legs could carry her.' This is:","First person | Third person",Third person
3-L10,q3.png,3-L10-P3,practice,"'We built the biggest sandcastle on the beach.' This is:","First person | Third person",First person
3-L10,q4.png,3-L10-P4,practice,"Which word tells you a story is first person?","She | They | I | He",I
3-L10,q5.png,3-L10-P5,practice,"'The boy opened his backpack and found a note.' This is:","First person | Third person",Third person
3-L10,rq1.png,3-L10-R1,reading,"In Version 1, how do you know it's first person?","It says 'Alex' | It uses 'I' and 'my' | It says 'he' and 'his' | It's longer",It uses 'I' and 'my'
3-L10,rq2.png,3-L10-R2,reading,"In Version 2, how do you know it's third person?","It uses 'I' | It uses 'we' | It uses 'Alex,' 'he,' and 'his' | It's shorter",It uses 'Alex,' 'he,' and 'his'
3-L10,rq3.png,3-L10-R3,reading,"Do both versions tell the same story?","Yes, just from different viewpoints | No, they're completely different | Only Version 1 is a real story | Only Version 2 is a real story",Yes, just from different viewpoints