grade,folder,standard_id,question_id,type,expected_path,imagen_brief
K,kindergarten,RL.K.1,RL.K.1-Q3,multiple_choice,images/kindergarten/RL.K.1/RL.K.1-Q3.png,"Bright 2D cartoon illustration, bold clean outlines, vibrant saturated colors. Scene: Why did Emma's mom make a chocolate cake?. Standard RL.K.1."
K,kindergarten,RL.K.2,RL.K.2-Q1,multiple_choice,images/kindergarten/RL.K.2/RL.K.2-Q1.png,"Bright 2D cartoon illustration, bold clean outlines, vibrant saturated colors. Scene: What did Bear do right after he felt hungry?. Standard RL.K.2."
K,kindergarten,RL.K.2,RL.K.2-Q2,multiple_choice,images/kindergarten/RL.K.2/RL.K.2-Q2.png,"Bright 2D cartoon illustration, bold clean outlines, vibrant saturated colors. Scene: Why did Frog get on the lily pad?. Standard RL.K.2."
K,kindergarten,RL.K.2,RL.K.2-Q3,multiple_choice,images/kindergarten/RL.K.2/RL.K.2-Q3.png,"Bright 2D cartoon illustration, bold clean outlines, vibrant saturated colors. Scene: What was Mia's problem in the story?. Standard RL.K.2."
K,kindergarten,RL.K.2,RL.K.2-Q4,multiple_choice,images/kindergarten/RL.K.2/RL.K.2-Q4.png,"Bright 2D cartoon illustration, bold clean outlines, vibrant saturated colors. Scene: How did Turtle win the race?. Standard RL.K.2."
K,kindergarten,RL.K.4,RL.K.4-Q3,multiple_choice,images/kindergarten/RL.K.4/RL.K.4-Q3.png,"Bright 2D cartoon illustration, bold clean outlines, vibrant saturated colors. Scene: The boat DRIFTED across the calm lake. What does DRIFTED tell us about how the boat moved?. Standard RL.K.4."
K,kindergarten,RL.K.5,RL.K.5-Q4,multiple_choice,images/kindergarten/RL.K.5/RL.K.5-Q4.png,"Bright 2D cartoon illustration, bold clean outlines, vibrant saturated colors. Scene: Read the text: ""I like bugs / Big bugs, small bugs / Crawly bugs, tall bugs / I like bugs a lot!"" What makes this text sound like a poem?. Standard RL.K.5."
K,kindergarten,RL.K.6,RL.K.6-Q3,multiple_choice,images/kindergarten/RL.K.6/RL.K.6-Q3.png,"Bright 2D cartoon illustration, bold clean outlines, vibrant saturated colors. Scene: A book cover says: ""Written by Maria Lopez. Illustrated by James Park."". Standard RL.K.6."
K,kindergarten,RL.K.7,RL.K.7-Q2,multiple_choice,images/kindergarten/RL.K.7/RL.K.7-Q2.png,"Bright 2D cartoon illustration, bold clean outlines, vibrant saturated colors. Scene: The story says, ""It was snowing outside."" If a picture showed a child wearing a warm hat and gloves, what does the picture help us know about the story?. Standard RL.K.7."
K,kindergarten,RI.K.3,RI.K.3-Q2,multiple_choice,images/kindergarten/RI.K.3/RI.K.3-Q2.png,"Bright 2D cartoon illustration, bold clean outlines, vibrant saturated colors. Scene: What does the passage help us understand about how water and ice are connected?. Standard RI.K.3."
K,kindergarten,RI.K.3,RI.K.3-Q5,multiple_choice,images/kindergarten/RI.K.3/RI.K.3-Q5.png,"Bright 2D cartoon illustration, bold clean outlines, vibrant saturated colors. Scene: The passage says a seed needs water and sun. How are water and sun important for the seed?. Standard RI.K.3."
K,kindergarten,RI.K.4,RI.K.4-Q3,multiple_choice,images/kindergarten/RI.K.4/RI.K.4-Q3.png,"Bright 2D cartoon illustration, bold clean outlines, vibrant saturated colors. Scene: The climbers worked hard to reach the mountain's peak. It was very cold and windy at the top, and they could see for miles!. Standard RI.K.4."
K,kindergarten,RI.K.5,RI.K.5-Q6,category_sort,images/kindergarten/RI.K.5/RI.K.5-Q6.png,"Bright 2D cartoon illustration, bold clean outlines, vibrant saturated colors. Scene: Sort each thing to the right book part!. Standard RI.K.5."
K,kindergarten,RI.K.5,RI.K.5-Q7,multiple_choice,images/kindergarten/RI.K.5/RI.K.5-Q7.png,"Bright 2D cartoon illustration, bold clean outlines, vibrant saturated colors. Scene: The explorer looked at the outside of a book and saw a big picture of a whale and the name of the book.. Standard RI.K.5."
K,kindergarten,RI.K.5,RI.K.5-Q8,sentence_build,images/kindergarten/RI.K.5/RI.K.5-Q8.png,"Bright 2D cartoon illustration, bold clean outlines, vibrant saturated colors. Scene: Put the words in order to make a sentence about books.. Standard RI.K.5."
K,kindergarten,RI.K.5,RI.K.5-Q9,missing_word,images/kindergarten/RI.K.5/RI.K.5-Q9.png,"Bright 2D cartoon illustration, bold clean outlines, vibrant saturated colors. Scene: Pick the right word to fill the blank.. Standard RI.K.5."
K,kindergarten,RI.K.5,RI.K.5-Q10,multiple_choice,images/kindergarten/RI.K.5/RI.K.5-Q10.png,"Bright 2D cartoon illustration, bold clean outlines, vibrant saturated colors. Scene: You have just opened a book past its front cover. What do you call the very first paper page inside that tells you the book's title and who wrote it?. Standard RI.K.5."
K,kindergarten,RI.K.5,RI.K.5-Q11,multiple_choice,images/kindergarten/RI.K.5/RI.K.5-Q11.png,"Bright 2D cartoon illustration, bold clean outlines, vibrant saturated colors. Scene: The explorer turned the book over and read about all the fun ocean facts inside.. Standard RI.K.5."
K,kindergarten,RI.K.8,RI.K.8-Q4,multiple_choice,images/kindergarten/RI.K.8/RI.K.8-Q4.png,"Bright 2D cartoon illustration, bold clean outlines, vibrant saturated colors. Scene: Based on the story, which reason tells us why dogs make great pets?. Standard RI.K.8."
K,kindergarten,RI.K.9,RI.K.9-Q1,multiple_choice,images/kindergarten/RI.K.9/RI.K.9-Q1.png,"Bright 2D cartoon illustration, bold clean outlines, vibrant saturated colors. Scene: What is one way the books tell us different things about cats?. Standard RI.K.9."
K,kindergarten,RF.K.1a,RF.K.1a-Q1,multiple_choice,images/kindergarten/RF.K.1a/RF.K.1a-Q1.png,"Bright 2D cartoon illustration, bold clean outlines, vibrant saturated colors. Scene: After you have read all the words on one page of your book, what is the best way to find the next part of the story?. Standard RF.K.1a."
K,kindergarten,RF.K.1a,RF.K.1a-Q4,multiple_choice,images/kindergarten/RF.K.1a/RF.K.1a-Q4.png,"Bright 2D cartoon illustration, bold clean outlines, vibrant saturated colors. Scene: Imagine you are reading these words in a book: The little bird flew to its nest. If you just finished reading the word 'bird' on the first line, which word should you read next?. Standard RF.K.1a."
K,kindergarten,RF.K.1a,RF.K.1a-Q6,sentence_build,images/kindergarten/RF.K.1a/RF.K.1a-Q6.png,"Bright 2D cartoon illustration, bold clean outlines, vibrant saturated colors. Scene: Put the words in order to make a sentence.. Standard RF.K.1a."
K,kindergarten,RF.K.1a,RF.K.1a-Q9,sentence_build,images/kindergarten/RF.K.1a/RF.K.1a-Q9.png,"Bright 2D cartoon illustration, bold clean outlines, vibrant saturated colors. Scene: Tap each word in READING order — left to right!. Standard RF.K.1a."
K,kindergarten,RF.K.1c,RF.K.1c-Q1,space_insertion,images/kindergarten/RF.K.1c/RF.K.1c-Q1.png,"Bright 2D cartoon illustration, bold clean outlines, vibrant saturated colors. Scene: Tap between letters to add spaces to make the sentence correct.. Standard RF.K.1c."
K,kindergarten,RF.K.1c,RF.K.1c-Q3,multiple_choice,images/kindergarten/RF.K.1c/RF.K.1c-Q3.png,"Bright 2D cartoon illustration, bold clean outlines, vibrant saturated colors. Scene: Look at these words: ""thecat sat"". This is not quite right. Which choice shows all the words separated correctly?. Standard RF.K.1c."
K,kindergarten,RF.K.1c,RF.K.1c-Q4,multiple_choice,images/kindergarten/RF.K.1c/RF.K.1c-Q4.png,"Bright 2D cartoon illustration, bold clean outlines, vibrant saturated colors. Scene: The words ""I am happy"" are written like this: ""Iamhappy."" Which choice shows the words with the correct spaces?. Standard RF.K.1c."
K,kindergarten,RF.K.1d,RF.K.1d-Q1,multiple_choice,images/kindergarten/RF.K.1d/RF.K.1d-Q1.png,"Bright 2D cartoon illustration, bold clean outlines, vibrant saturated colors. Scene: Which is the UPPERCASE (capital) version of the letter ""a""?. Standard RF.K.1d."
K,kindergarten,RF.K.1d,RF.K.1d-Q4,multiple_choice,images/kindergarten/RF.K.1d/RF.K.1d-Q4.png,"Bright 2D cartoon illustration, bold clean outlines, vibrant saturated colors. Scene: Which of these letters is the letter P?. Standard RF.K.1d."
K,kindergarten,RF.K.1d,RF.K.1d-Q5,multiple_choice,images/kindergarten/RF.K.1d/RF.K.1d-Q5.png,"Bright 2D cartoon illustration, bold clean outlines, vibrant saturated colors. Scene: Which choice shows the uppercase letter P?. Standard RF.K.1d."
K,kindergarten,RF.K.2a,RF.K.2a-Q1,multiple_choice,images/kindergarten/RF.K.2a/RF.K.2a-Q1.png,"Bright 2D cartoon illustration, bold clean outlines, vibrant saturated colors. Scene: Which two words rhyme?. Standard RF.K.2a."
K,kindergarten,RF.K.2a,RF.K.2a-Q2,multiple_choice,images/kindergarten/RF.K.2a/RF.K.2a-Q2.png,"Bright 2D cartoon illustration, bold clean outlines, vibrant saturated colors. Scene: Which pair of words rhymes?. Standard RF.K.2a."
K,kindergarten,RF.K.2a,RF.K.2a-Q3,multiple_choice,images/kindergarten/RF.K.2a/RF.K.2a-Q3.png,"Bright 2D cartoon illustration, bold clean outlines, vibrant saturated colors. Scene: Which word rhymes with 'ball'?. Standard RF.K.2a."
K,kindergarten,RF.K.2a,RF.K.2a-Q5,multiple_choice,images/kindergarten/RF.K.2a/RF.K.2a-Q5.png,"Bright 2D cartoon illustration, bold clean outlines, vibrant saturated colors. Scene: Look at these words: 'sun,' 'fun,' 'run.' Which word below does NOT rhyme with them?. Standard RF.K.2a."
K,kindergarten,RF.K.2d,RF.K.2d-Q1,multiple_choice,images/kindergarten/RF.K.2d/RF.K.2d-Q1.png,"Bright 2D cartoon illustration, bold clean outlines, vibrant saturated colors. Scene: Which word has the /i/ sound in the middle?. Standard RF.K.2d."
K,kindergarten,RF.K.2d,RF.K.2d-Q2,multiple_choice,images/kindergarten/RF.K.2d/RF.K.2d-Q2.png,"Bright 2D cartoon illustration, bold clean outlines, vibrant saturated colors. Scene: Listen carefully to the word 'pig'. Which sound do you hear in the middle of the word 'pig'?. Standard RF.K.2d."
K,kindergarten,RF.K.2e,RF.K.2e-Q2,multiple_choice,images/kindergarten/RF.K.2e/RF.K.2e-Q2.png,"Bright 2D cartoon illustration, bold clean outlines, vibrant saturated colors. Scene: Let's play with sounds! Say the word 'map'. Now, change the very first sound, /m/, to the /t/ sound. What new word do you hear?. Standard RF.K.2e."
K,kindergarten,RF.K.2e,RF.K.2e-Q3,multiple_choice,images/kindergarten/RF.K.2e/RF.K.2e-Q3.png,"Bright 2D cartoon illustration, bold clean outlines, vibrant saturated colors. Scene: Look at these pairs of words. In which pair was a new word made by changing only one sound?. Standard RF.K.2e."
K,kindergarten,RF.K.2e,RF.K.2e-Q4,multiple_choice,images/kindergarten/RF.K.2e/RF.K.2e-Q4.png,"Bright 2D cartoon illustration, bold clean outlines, vibrant saturated colors. Scene: Listen to the word 'dog'. If you change the middle sound, /o/, to the /i/ sound, what new word do you make?. Standard RF.K.2e."
K,kindergarten,RF.K.2e,RF.K.2e-Q5,multiple_choice,images/kindergarten/RF.K.2e/RF.K.2e-Q5.png,"Bright 2D cartoon illustration, bold clean outlines, vibrant saturated colors. Scene: Imagine you have the word 'op'. If you put the sound /h/ at the beginning, what new word do you create?. Standard RF.K.2e."
K,kindergarten,RF.K.3b,RF.K.3b-Q1,multiple_choice,images/kindergarten/RF.K.3b/RF.K.3b-Q1.png,"Bright 2D cartoon illustration, bold clean outlines, vibrant saturated colors. Scene: The word ""cake"" has a long 'a' sound, and ""cat"" has a short 'a' sound. Now, look at the word ""rake"". What kind of 'a' sound do you hear in ""rake""?. Standard RF.K.3b."
K,kindergarten,RF.K.3b,RF.K.3b-Q3,multiple_choice,images/kindergarten/RF.K.3b/RF.K.3b-Q3.png,"Bright 2D cartoon illustration, bold clean outlines, vibrant saturated colors. Scene: Three of these words have a LONG **o** sound. Which word has a DIFFERENT vowel sound?. Standard RF.K.3b."
K,kindergarten,RF.K.3c,RF.K.3c-Q5,multiple_choice,images/kindergarten/RF.K.3c/RF.K.3c-Q5.png,"Bright 2D cartoon illustration, bold clean outlines, vibrant saturated colors. Scene: Choose the sight word that best completes the sentence: The boys ___ happy.. Standard RF.K.3c."
K,kindergarten,RF.K.3d,RF.K.3d-Q3,multiple_choice,images/kindergarten/RF.K.3d/RF.K.3d-Q3.png,"Bright 2D cartoon illustration, bold clean outlines, vibrant saturated colors. Scene: Listen to the words MAP and MOP. Which sound changes in the middle of these words?. Standard RF.K.3d."
K,kindergarten,RF.K.4,RF.K.4-Q4,multiple_choice,images/kindergarten/RF.K.4/RF.K.4-Q4.png,"Bright 2D cartoon illustration, bold clean outlines, vibrant saturated colors. Scene: When the sun is out and it's time to play, what part of the day is it?. Standard RF.K.4."
K,kindergarten,K.L.1,K.L.1-Q2,multiple_choice,images/kindergarten/K.L.1/K.L.1-Q2.png,"Bright 2D cartoon illustration, bold clean outlines, vibrant saturated colors. Scene: Which word in the sentence 'The fish swims in the water' tells what the fish does?. Standard K.L.1."
K,kindergarten,K.L.1,K.L.1-Q5,multiple_choice,images/kindergarten/K.L.1/K.L.1-Q5.png,"Bright 2D cartoon illustration, bold clean outlines, vibrant saturated colors. Scene: The cat is hiding ___ the bed.. Standard K.L.1."
K,kindergarten,K.L.2,K.L.2-Q3,multiple_choice,images/kindergarten/K.L.2/K.L.2-Q3.png,"Bright 2D cartoon illustration, bold clean outlines, vibrant saturated colors. Scene: Look at the sentence: ""Do you like apples"" Which mark belongs at the very end?. Standard K.L.2."
K,kindergarten,K.L.2,K.L.2-Q4,multiple_choice,images/kindergarten/K.L.2/K.L.2-Q4.png,"Bright 2D cartoon illustration, bold clean outlines, vibrant saturated colors. Scene: Look at this sentence: ""My friend is named sam."" Which word needs a capital letter?. Standard K.L.2."
K,kindergarten,K.L.5,K.L.5-Q1,multiple_choice,images/kindergarten/K.L.5/K.L.5-Q1.png,"Bright 2D cartoon illustration, bold clean outlines, vibrant saturated colors. Scene: Apple, banana, and orange are alike. Which word is also like them?. Standard K.L.5."
K,kindergarten,K.L.6,K.L.6-Q5,multiple_choice,images/kindergarten/K.L.6/K.L.6-Q5.png,"Bright 2D cartoon illustration, bold clean outlines, vibrant saturated colors. Scene: When the leaves turn red and yellow and gently fall to the ground, what is another word we can use for this time of year?. Standard K.L.6."
K,kindergarten,RL.K.10,RL.K.10-Q1,multiple_choice,images/kindergarten/RL.K.10/RL.K.10-Q1.png,"Bright 2D cartoon illustration, bold clean outlines, vibrant saturated colors. Scene: What is one way to show you are actively listening during group story time?. Standard RL.K.10."
K,kindergarten,RL.K.10,RL.K.10-Q3,multiple_choice,images/kindergarten/RL.K.10/RL.K.10-Q3.png,"Bright 2D cartoon illustration, bold clean outlines, vibrant saturated colors. Scene: In the story about the little bear, what did the bear want to find?. Standard RL.K.10."
K,kindergarten,RL.K.10,RL.K.10-Q4,multiple_choice,images/kindergarten/RL.K.10/RL.K.10-Q4.png,"Bright 2D cartoon illustration, bold clean outlines, vibrant saturated colors. Scene: What is one way you can show you understand a story during group reading time?. Standard RL.K.10."
K,kindergarten,RL.K.10,RL.K.10-Q5,multiple_choice,images/kindergarten/RL.K.10/RL.K.10-Q5.png,"Bright 2D cartoon illustration, bold clean outlines, vibrant saturated colors. Scene: How can you show you are actively engaged when your teacher is reading a story to the whole class?. Standard RL.K.10."
K,kindergarten,RI.K.10,RI.K.10-Q1,multiple_choice,images/kindergarten/RI.K.10/RI.K.10-Q1.png,"Bright 2D cartoon illustration, bold clean outlines, vibrant saturated colors. Scene: If we read a fact book that showed us pictures of lions, tigers, and bears, what would be the main topic of that book?. Standard RI.K.10."
K,kindergarten,RI.K.10,RI.K.10-Q2,multiple_choice,images/kindergarten/RI.K.10/RI.K.10-Q2.png,"Bright 2D cartoon illustration, bold clean outlines, vibrant saturated colors. Scene: You are reading a fact book about bugs with your group. What is a good way to actively engage with the book?. Standard RI.K.10."
K,kindergarten,RI.K.10,RI.K.10-Q3,multiple_choice,images/kindergarten/RI.K.10/RI.K.10-Q3.png,"Bright 2D cartoon illustration, bold clean outlines, vibrant saturated colors. Scene: Your teacher is reading a book to help everyone learn about different animals. What is the best way to show you are learning?. Standard RI.K.10."
K,kindergarten,RI.K.10,RI.K.10-Q4,multiple_choice,images/kindergarten/RI.K.10/RI.K.10-Q4.png,"Bright 2D cartoon illustration, bold clean outlines, vibrant saturated colors. Scene: When your group reads a fact book, what is a good way to learn new things together?. Standard RI.K.10."
K,kindergarten,RI.K.10,RI.K.10-Q5,multiple_choice,images/kindergarten/RI.K.10/RI.K.10-Q5.png,"Bright 2D cartoon illustration, bold clean outlines, vibrant saturated colors. Scene: Your class read a book about penguins together. What did the book teach you about where penguins usually live?. Standard RI.K.10."
1st,1st-grade,RL.1.1,RL.1.1-Q1,multiple_choice,images/1st-grade/RL.1.1/RL.1.1-Q1.png,"Bright 2D cartoon illustration, bold clean outlines, vibrant saturated colors. Scene: After Bella picked the apples, what did she do next?. Standard RL.1.1."
1st,1st-grade,RL.1.1,RL.1.1-Q5,multiple_choice,images/1st-grade/RL.1.1/RL.1.1-Q5.png,"Bright 2D cartoon illustration, bold clean outlines, vibrant saturated colors. Scene: Why was the kitten scared?. Standard RL.1.1."
1st,1st-grade,RL.1.2,RL.1.2-Q4,multiple_choice,images/1st-grade/RL.1.2/RL.1.2-Q4.png,"Bright 2D cartoon illustration, bold clean outlines, vibrant saturated colors. Scene: What lesson can we learn from Leo's story?. Standard RL.1.2."
1st,1st-grade,RL.1.3,RL.1.3-Q1,multiple_choice,images/1st-grade/RL.1.3/RL.1.3-Q1.png,"Bright 2D cartoon illustration, bold clean outlines, vibrant saturated colors. Scene: Which words best describe where the old woman lives?. Standard RL.1.3."
1st,1st-grade,RL.1.3,RL.1.3-Q4,multiple_choice,images/1st-grade/RL.1.3/RL.1.3-Q4.png,"Bright 2D cartoon illustration, bold clean outlines, vibrant saturated colors. Scene: Which major event began the story about Rosa?. Standard RL.1.3."
1st,1st-grade,RL.1.4,RL.1.4-Q1,multiple_choice,images/1st-grade/RL.1.4/RL.1.4-Q1.png,"Bright 2D cartoon illustration, bold clean outlines, vibrant saturated colors. Scene: The bright sun warmed her face.. Standard RL.1.4."
1st,1st-grade,RL.1.5,RL.1.5-Q6,category_sort,images/1st-grade/RL.1.5/RL.1.5-Q6.png,"Bright 2D cartoon illustration, bold clean outlines, vibrant saturated colors. Scene: Sort each description into the right category!. Standard RL.1.5."
1st,1st-grade,RL.1.6,RL.1.6-Q3,multiple_choice,images/1st-grade/RL.1.6/RL.1.6-Q3.png,"Bright 2D cartoon illustration, bold clean outlines, vibrant saturated colors. Scene: Who is telling you that Maria said, ""I love pizza!""?. Standard RL.1.6."
1st,1st-grade,RL.1.6,RL.1.6-Q5,multiple_choice,images/1st-grade/RL.1.6/RL.1.6-Q5.png,"Bright 2D cartoon illustration, bold clean outlines, vibrant saturated colors. Scene: In the sentence, """"Let's go!"" shouted Tom,"" who is telling us that Tom shouted?. Standard RL.1.6."
1st,1st-grade,RL.1.7,RL.1.7-Q3,multiple_choice,images/1st-grade/RL.1.7/RL.1.7-Q3.png,"Bright 2D cartoon illustration, bold clean outlines, vibrant saturated colors. Scene: The story says, ""The dog was big."" Look at the picture that goes with the story. What does the picture help you understand about how big the dog is?. Standard RL.1.7."
1st,1st-grade,RL.1.7,RL.1.7-Q4,multiple_choice,images/1st-grade/RL.1.7/RL.1.7-Q4.png,"Bright 2D cartoon illustration, bold clean outlines, vibrant saturated colors. Scene: Imagine a picture in the story shows a bunny with a big smile, a small backpack, and eyes looking towards a tall, snowy mountain. Using this picture, what can we best describe about the bunny?. Standard RL.1.7."
1st,1st-grade,RL.1.9,RL.1.9-Q1,multiple_choice,images/1st-grade/RL.1.9/RL.1.9-Q1.png,"Bright 2D cartoon illustration, bold clean outlines, vibrant saturated colors. Scene: What is different about how the bear and the bee experience honey in their stories?. Standard RL.1.9."
1st,1st-grade,RL.1.9,RL.1.9-Q4,multiple_choice,images/1st-grade/RL.1.9/RL.1.9-Q4.png,"Bright 2D cartoon illustration, bold clean outlines, vibrant saturated colors. Scene: Leo went to the park and played on the swings. His friend Mia went to the playground and played on the slide. How were Leo's and Mia's adventures the same?. Standard RL.1.9."
1st,1st-grade,RL.1.9,RL.1.9-Q5,multiple_choice,images/1st-grade/RL.1.9/RL.1.9-Q5.png,"Bright 2D cartoon illustration, bold clean outlines, vibrant saturated colors. Scene: In our story, a little bird named Pip loves to fly high in the sky. A little rabbit named Fluffy loves to dig tunnels deep in the ground. What is one way Pip and Fluffy are *different*?. Standard RL.1.9."
1st,1st-grade,RI.1.1,RI.1.1-Q1,multiple_choice,images/1st-grade/RI.1.1/RI.1.1-Q1.png,"Bright 2D cartoon illustration, bold clean outlines, vibrant saturated colors. Scene: Based on the text, what kind of weather do penguins like?. Standard RI.1.1."
1st,1st-grade,RI.1.2,RI.1.2-Q3,multiple_choice,images/1st-grade/RI.1.2/RI.1.2-Q3.png,"Bright 2D cartoon illustration, bold clean outlines, vibrant saturated colors. Scene: Which detail about cats is shared in the text?. Standard RI.1.2."
1st,1st-grade,RI.1.3,RI.1.3-Q4,multiple_choice,images/1st-grade/RI.1.3/RI.1.3-Q4.png,"Bright 2D cartoon illustration, bold clean outlines, vibrant saturated colors. Scene: How does the text show the connection between George Washington leading the army and being president?. Standard RI.1.3."
1st,1st-grade,RI.1.3,RI.1.3-Q5,multiple_choice,images/1st-grade/RI.1.3/RI.1.3-Q5.png,"Bright 2D cartoon illustration, bold clean outlines, vibrant saturated colors. Scene: The passage tells us about the caterpillar's big change. What does the caterpillar do right after eating to get ready for this change?. Standard RI.1.3."
1st,1st-grade,RI.1.4,RI.1.4-Q4,multiple_choice,images/1st-grade/RI.1.4/RI.1.4-Q4.png,"Bright 2D cartoon illustration, bold clean outlines, vibrant saturated colors. Scene: The text says, ""A fish's habitat is water."" What does the word 'habitat' mean?. Standard RI.1.4."
1st,1st-grade,RI.1.4,RI.1.4-Q6,tap_to_pair,images/1st-grade/RI.1.4/RI.1.4-Q6.png,"Bright 2D cartoon illustration, bold clean outlines, vibrant saturated colors. Scene: Match each word to its meaning!. Standard RI.1.4."
1st,1st-grade,RI.1.4,RI.1.4-Q3,multiple_choice,images/1st-grade/RI.1.4/RI.1.4-Q3.png,"Bright 2D cartoon illustration, bold clean outlines, vibrant saturated colors. Scene: Dolphins need to find food even when the water is very dark. They use echolocation. This helps them send out sounds that bounce back, showing them where fish are hiding.. Standard RI.1.4."
1st,1st-grade,RI.1.4,RI.1.4-Q7,multiple_choice,images/1st-grade/RI.1.4/RI.1.4-Q7.png,"Bright 2D cartoon illustration, bold clean outlines, vibrant saturated colors. Scene: A squirrel lives in a tree. A fish lives in the water. A bird lives in a nest. What does the word 'habitat' mean when it says, 'Each animal has its own special habitat'?. Standard RI.1.4."
1st,1st-grade,RI.1.4,RI.1.4-Q8,multiple_choice,images/1st-grade/RI.1.4/RI.1.4-Q8.png,"Bright 2D cartoon illustration, bold clean outlines, vibrant saturated colors. Scene: The hermit crab needed a new shell because it had outgrown its old one. If you wanted to understand what 'outgrown' means, which question would help you the most?. Standard RI.1.4."
1st,1st-grade,RI.1.4,RI.1.4-Q9,category_sort,images/1st-grade/RI.1.4/RI.1.4-Q9.png,"Bright 2D cartoon illustration, bold clean outlines, vibrant saturated colors. Scene: Sort each word — is it a word about ocean animals or ocean places?. Standard RI.1.4."
1st,1st-grade,RI.1.4,RI.1.4-Q10,sentence_build,images/1st-grade/RI.1.4/RI.1.4-Q10.png,"Bright 2D cartoon illustration, bold clean outlines, vibrant saturated colors. Scene: Put the words in order to make a sentence.. Standard RI.1.4."
1st,1st-grade,RI.1.4,RI.1.4-Q11,multiple_choice,images/1st-grade/RI.1.4/RI.1.4-Q11.png,"Bright 2D cartoon illustration, bold clean outlines, vibrant saturated colors. Scene: The passage says starfish can regenerate. If a starfish loses an arm, what can it do next?. Standard RI.1.4."
1st,1st-grade,RI.1.4,RI.1.4-Q12,missing_word,images/1st-grade/RI.1.4/RI.1.4-Q12.png,"Bright 2D cartoon illustration, bold clean outlines, vibrant saturated colors. Scene: Pick the right word to fill the blank.. Standard RI.1.4."
1st,1st-grade,RI.1.6,RI.1.6-Q4,multiple_choice,images/1st-grade/RI.1.6/RI.1.6-Q4.png,"Bright 2D cartoon illustration, bold clean outlines, vibrant saturated colors. Scene: You are reading a book about flowers. The words say, 'Flowers are pretty. They grow tall and have colorful petals.' The picture next to the words shows a flower with its roots under the ground. What can you learn only fr. Standard RI.1.6."
1st,1st-grade,RI.1.7,RI.1.7-Q3,multiple_choice,images/1st-grade/RI.1.7/RI.1.7-Q3.png,"Bright 2D cartoon illustration, bold clean outlines, vibrant saturated colors. Scene: Imagine a map in a book about lions. It shows Africa with different colored areas. Next to the map, a small box, called a key, tells what each color stands for. This map helps you understand:. Standard RI.1.7."
1st,1st-grade,RI.1.7,RI.1.7-Q5,multiple_choice,images/1st-grade/RI.1.7/RI.1.7-Q5.png,"Bright 2D cartoon illustration, bold clean outlines, vibrant saturated colors. Scene: Imagine you are reading an informational book about animals. On one page, there is a big picture of a lion with a shaggy mane. The words on that page say, 'Lions are powerful cats that live in Africa.' What does the pict. Standard RI.1.7."
1st,1st-grade,RI.1.8,RI.1.8-Q3,multiple_choice,images/1st-grade/RI.1.8/RI.1.8-Q3.png,"Bright 2D cartoon illustration, bold clean outlines, vibrant saturated colors. Scene: What reason does the author give to show why kids should eat vegetables?. Standard RI.1.8."
1st,1st-grade,RI.1.9,RI.1.9-Q2,multiple_choice,images/1st-grade/RI.1.9/RI.1.9-Q2.png,"Bright 2D cartoon illustration, bold clean outlines, vibrant saturated colors. Scene: Book 1 says the sun is a big star. Book 2 says the sun is a star in the sky. What do both books agree about the sun?. Standard RI.1.9."
1st,1st-grade,RI.1.9,RI.1.9-Q4,multiple_choice,images/1st-grade/RI.1.9/RI.1.9-Q4.png,"Bright 2D cartoon illustration, bold clean outlines, vibrant saturated colors. Scene: Book 1 tells how rain forms in the sky. Book 2 tells why plants need rain to grow. What is one way these two books are similar?. Standard RI.1.9."
1st,1st-grade,RI.1.9,RI.1.9-Q5,multiple_choice,images/1st-grade/RI.1.9/RI.1.9-Q5.png,"Bright 2D cartoon illustration, bold clean outlines, vibrant saturated colors. Scene: Read about Max and Lucy.Max is a big dog. He has brown fur.Lucy is a small dog. She has white fur.What is one thing that is the SAME about Max and Lucy?. Standard RI.1.9."
1st,1st-grade,RF.1.1a,RF.1.1a-Q5,multiple_choice,images/1st-grade/RF.1.1a/RF.1.1a-Q5.png,"Bright 2D cartoon illustration, bold clean outlines, vibrant saturated colors. Scene: Which sentence needs a capital letter at the beginning?. Standard RF.1.1a."
1st,1st-grade,RF.1.2d,RF.1.2d-Q1,multiple_choice,images/1st-grade/RF.1.2d/RF.1.2d-Q1.png,"Bright 2D cartoon illustration, bold clean outlines, vibrant saturated colors. Scene: Listen carefully to the word ""ship"". Which choice shows all the individual sounds you hear?. Standard RF.1.2d."
1st,1st-grade,RF.1.2d,RF.1.2d-Q2,multiple_choice,images/1st-grade/RF.1.2d/RF.1.2d-Q2.png,"Bright 2D cartoon illustration, bold clean outlines, vibrant saturated colors. Scene: Listen carefully to the word **ship**. Which choice shows each single sound you hear?. Standard RF.1.2d."
1st,1st-grade,RF.1.2d,RF.1.2d-Q3,multiple_choice,images/1st-grade/RF.1.2d/RF.1.2d-Q3.png,"Bright 2D cartoon illustration, bold clean outlines, vibrant saturated colors. Scene: Imagine you are saying the word **bug** very slowly, stretching out each sound. Which choice shows the sounds you would make, one by one?. Standard RF.1.2d."
1st,1st-grade,RF.1.2d,RF.1.2d-Q5,multiple_choice,images/1st-grade/RF.1.2d/RF.1.2d-Q5.png,"Bright 2D cartoon illustration, bold clean outlines, vibrant saturated colors. Scene: Your teacher asks you to say each separate sound you hear in the word **jump**. Which choice shows all the sounds you would say?. Standard RF.1.2d."
1st,1st-grade,RF.1.4b,RF.1.4b-Q3,multiple_choice,images/1st-grade/RF.1.4b/RF.1.4b-Q3.png,"Bright 2D cartoon illustration, bold clean outlines, vibrant saturated colors. Scene: Which of these describes how a good reader sounds when they read a story out loud?. Standard RF.1.4b."
1st,1st-grade,RF.1.4b,RF.1.4b-Q5,multiple_choice,images/1st-grade/RF.1.4b/RF.1.4b-Q5.png,"Bright 2D cartoon illustration, bold clean outlines, vibrant saturated colors. Scene: A teacher asks a student to ""read this story with more expression."" What does the teacher want the student to do?. Standard RF.1.4b."
1st,1st-grade,RF.1.4c,RF.1.4c-Q2,multiple_choice,images/1st-grade/RF.1.4c/RF.1.4c-Q2.png,"Bright 2D cartoon illustration, bold clean outlines, vibrant saturated colors. Scene: You read the sentence: ""The cat sat on the map."" Which word would make the sentence make more sense?. Standard RF.1.4c."
1st,1st-grade,L.1.4,L.1.4-Q3,multiple_choice,images/1st-grade/L.1.4/L.1.4-Q3.png,"Bright 2D cartoon illustration, bold clean outlines, vibrant saturated colors. Scene: Read the sentence: 'The boy swung the bat to hit the ball.' What does the word 'bat' mean in this sentence?. Standard L.1.4."
1st,1st-grade,L.1.4,L.1.4-Q6,tap_to_pair,images/1st-grade/L.1.4/L.1.4-Q6.png,"Bright 2D cartoon illustration, bold clean outlines, vibrant saturated colors. Scene: Match each word to its meaning!. Standard L.1.4."
1st,1st-grade,L.1.4a,L.1.4a-Q6,tap_to_pair,images/1st-grade/L.1.4a/L.1.4a-Q6.png,"Bright 2D cartoon illustration, bold clean outlines, vibrant saturated colors. Scene: Match each word to its meaning!. Standard L.1.4a."
1st,1st-grade,L.1.4b,L.1.4b-Q4,multiple_choice,images/1st-grade/L.1.4b/L.1.4b-Q4.png,"Bright 2D cartoon illustration, bold clean outlines, vibrant saturated colors. Scene: What is a teacher?. Standard L.1.4b."
1st,1st-grade,L.1.4b,L.1.4b-Q6,tap_to_pair,images/1st-grade/L.1.4b/L.1.4b-Q6.png,"Bright 2D cartoon illustration, bold clean outlines, vibrant saturated colors. Scene: Match each word to its meaning!. Standard L.1.4b."
1st,1st-grade,L.1.4c,L.1.4c-Q3,multiple_choice,images/1st-grade/L.1.4c/L.1.4c-Q3.png,"Bright 2D cartoon illustration, bold clean outlines, vibrant saturated colors. Scene: If you want to describe an action happening *right now*, which word would you make from the root word 'jump'?. Standard L.1.4c."
1st,1st-grade,L.1.5,L.1.5-Q4,multiple_choice,images/1st-grade/L.1.5/L.1.5-Q4.png,"Bright 2D cartoon illustration, bold clean outlines, vibrant saturated colors. Scene: A bird can fly. Which word tells what a fish can do?. Standard L.1.5."
1st,1st-grade,L.1.5a,L.1.5a-Q2,multiple_choice,images/1st-grade/L.1.5a/L.1.5a-Q2.png,"Bright 2D cartoon illustration, bold clean outlines, vibrant saturated colors. Scene: Which group does a 'bird' belong in?. Standard L.1.5a."
1st,1st-grade,L.1.5a,L.1.5a-Q4,multiple_choice,images/1st-grade/L.1.5a/L.1.5a-Q4.png,"Bright 2D cartoon illustration, bold clean outlines, vibrant saturated colors. Scene: Look at these words: shirt, pants, shoes. Which word does NOT belong in this group?. Standard L.1.5a."
1st,1st-grade,L.1.5a,L.1.5a-Q5,multiple_choice,images/1st-grade/L.1.5a/L.1.5a-Q5.png,"Bright 2D cartoon illustration, bold clean outlines, vibrant saturated colors. Scene: Which word best names the group for 'car, bus, train'?. Standard L.1.5a."
1st,1st-grade,L.1.5a,L.1.5a-Q6,category_sort,images/1st-grade/L.1.5a/L.1.5a-Q6.png,"Bright 2D cartoon illustration, bold clean outlines, vibrant saturated colors. Scene: Sort the words — which ones are colors?. Standard L.1.5a."
1st,1st-grade,RF.1.3a,RF.1.3a-Q1,multiple_choice,images/1st-grade/RF.1.3a/RF.1.3a-Q1.png,"Bright 2D cartoon illustration, bold clean outlines, vibrant saturated colors. Scene: Which word begins with the same sound you hear at the start of 'shoe'?. Standard RF.1.3a."
1st,1st-grade,RF.1.3b,RF.1.3b-Q1,multiple_choice,images/1st-grade/RF.1.3b/RF.1.3b-Q1.png,"Bright 2D cartoon illustration, bold clean outlines, vibrant saturated colors. Scene: Read the word: fox. Standard RF.1.3b."
1st,1st-grade,RF.1.3b,RF.1.3b-Q2,multiple_choice,images/1st-grade/RF.1.3b/RF.1.3b-Q2.png,"Bright 2D cartoon illustration, bold clean outlines, vibrant saturated colors. Scene: Which word names a small, furry pet that often says 'meow'?. Standard RF.1.3b."
1st,1st-grade,RF.1.3b,RF.1.3b-Q3,multiple_choice,images/1st-grade/RF.1.3b/RF.1.3b-Q3.png,"Bright 2D cartoon illustration, bold clean outlines, vibrant saturated colors. Scene: Look at the word: **cat**. Which choice tells you about a **cat**?. Standard RF.1.3b."
1st,1st-grade,RF.1.3b,RF.1.3b-Q4,multiple_choice,images/1st-grade/RF.1.3b/RF.1.3b-Q4.png,"Bright 2D cartoon illustration, bold clean outlines, vibrant saturated colors. Scene: Read the sentence. Which word best completes the sentence? ""I like to eat a sweet _______."". Standard RF.1.3b."
1st,1st-grade,RF.1.3b,RF.1.3b-Q5,multiple_choice,images/1st-grade/RF.1.3b/RF.1.3b-Q5.png,"Bright 2D cartoon illustration, bold clean outlines, vibrant saturated colors. Scene: Which word best completes the sentence: ""I see a big ____ in the sky."". Standard RF.1.3b."
1st,1st-grade,RF.1.3c,RF.1.3c-Q2,multiple_choice,images/1st-grade/RF.1.3c/RF.1.3c-Q2.png,"Bright 2D cartoon illustration, bold clean outlines, vibrant saturated colors. Scene: What word do you make when you add a Magic E to the end of **hop**?. Standard RF.1.3c."
1st,1st-grade,RF.1.3d,RF.1.3d-Q2,multiple_choice,images/1st-grade/RF.1.3d/RF.1.3d-Q2.png,"Bright 2D cartoon illustration, bold clean outlines, vibrant saturated colors. Scene: How many syllables are in the word **rabbit**?. Standard RF.1.3d."
1st,1st-grade,RF.1.3d,RF.1.3d-Q3,multiple_choice,images/1st-grade/RF.1.3d/RF.1.3d-Q3.png,"Bright 2D cartoon illustration, bold clean outlines, vibrant saturated colors. Scene: How many syllables are in the word **butterfly**?. Standard RF.1.3d."
1st,1st-grade,RF.1.3d,RF.1.3d-Q4,multiple_choice,images/1st-grade/RF.1.3d/RF.1.3d-Q4.png,"Bright 2D cartoon illustration, bold clean outlines, vibrant saturated colors. Scene: How many syllables are in the word 'banana'?. Standard RF.1.3d."
1st,1st-grade,RF.1.3e,RF.1.3e-Q3,multiple_choice,images/1st-grade/RF.1.3e/RF.1.3e-Q3.png,"Bright 2D cartoon illustration, bold clean outlines, vibrant saturated colors. Scene: How should you break the word **pencil** into syllables?. Standard RF.1.3e."
1st,1st-grade,RF.1.3e,RF.1.3e-Q4,multiple_choice,images/1st-grade/RF.1.3e/RF.1.3e-Q4.png,"Bright 2D cartoon illustration, bold clean outlines, vibrant saturated colors. Scene: Which choice shows the word 'happy' correctly broken into its two syllables?. Standard RF.1.3e."
1st,1st-grade,RF.1.3e,RF.1.3e-Q5,multiple_choice,images/1st-grade/RF.1.3e/RF.1.3e-Q5.png,"Bright 2D cartoon illustration, bold clean outlines, vibrant saturated colors. Scene: Which word below is broken into two syllables correctly to help a reader sound it out?. Standard RF.1.3e."
1st,1st-grade,RF.1.3f,RF.1.3f-Q2,multiple_choice,images/1st-grade/RF.1.3f/RF.1.3f-Q2.png,"Bright 2D cartoon illustration, bold clean outlines, vibrant saturated colors. Scene: Which word has the -ing ending?. Standard RF.1.3f."
1st,1st-grade,RF.1.3f,RF.1.3f-Q3,multiple_choice,images/1st-grade/RF.1.3f/RF.1.3f-Q3.png,"Bright 2D cartoon illustration, bold clean outlines, vibrant saturated colors. Scene: Yesterday, the boy ________ to the store.. Standard RF.1.3f."
1st,1st-grade,RF.1.3f,RF.1.3f-Q5,multiple_choice,images/1st-grade/RF.1.3f/RF.1.3f-Q5.png,"Bright 2D cartoon illustration, bold clean outlines, vibrant saturated colors. Scene: When you read the word ""walked,"" what does the ending **-ed** tell you about when the walking happened?. Standard RF.1.3f."
1st,1st-grade,RF.1.3g,RF.1.3g-Q2,multiple_choice,images/1st-grade/RF.1.3g/RF.1.3g-Q2.png,"Bright 2D cartoon illustration, bold clean outlines, vibrant saturated colors. Scene: Look at these words. Which one is a tricky word?. Standard RF.1.3g."
1st,1st-grade,RF.1.3g,RF.1.3g-Q3,multiple_choice,images/1st-grade/RF.1.3g/RF.1.3g-Q3.png,"Bright 2D cartoon illustration, bold clean outlines, vibrant saturated colors. Scene: Which word says **have**?. Standard RF.1.3g."
1st,1st-grade,RF.1.3g,RF.1.3g-Q4,multiple_choice,images/1st-grade/RF.1.3g/RF.1.3g-Q4.png,"Bright 2D cartoon illustration, bold clean outlines, vibrant saturated colors. Scene: Which sentence contains the irregularly spelled word 'were'?. Standard RF.1.3g."
1st,1st-grade,RF.1.3g,RF.1.3g-Q5,multiple_choice,images/1st-grade/RF.1.3g/RF.1.3g-Q5.png,"Bright 2D cartoon illustration, bold clean outlines, vibrant saturated colors. Scene: Which of these words is a tricky word?. Standard RF.1.3g."
1st,1st-grade,RF.1.4a,RF.1.4a-Q1,multiple_choice,images/1st-grade/RF.1.4a/RF.1.4a-Q1.png,"Bright 2D cartoon illustration, bold clean outlines, vibrant saturated colors. Scene: What is the main reason the author wrote the story about Lily and her ball?. Standard RF.1.4a."
1st,1st-grade,RF.1.4a,RF.1.4a-Q2,multiple_choice,images/1st-grade/RF.1.4a/RF.1.4a-Q2.png,"Bright 2D cartoon illustration, bold clean outlines, vibrant saturated colors. Scene: What is the main reason you would choose to read 'A book about sharks'?. Standard RF.1.4a."
1st,1st-grade,RF.1.4a,RF.1.4a-Q3,multiple_choice,images/1st-grade/RF.1.4a/RF.1.4a-Q3.png,"Bright 2D cartoon illustration, bold clean outlines, vibrant saturated colors. Scene: Read this story: My dog, Max, likes to run fast. He chases squirrels in the park. Max also loves to chew on his squeaky toy. When he is tired, he naps on the soft rug. Max is a fun dog to have! Now, what is this story mo. Standard RF.1.4a."
1st,1st-grade,RF.1.4a,RF.1.4a-Q4,multiple_choice,images/1st-grade/RF.1.4a/RF.1.4a-Q4.png,"Bright 2D cartoon illustration, bold clean outlines, vibrant saturated colors. Scene: Read this story: ""Lily loved her little red ball. She threw it up high. Her dog, Max, jumped and caught it! They played all afternoon. Lily giggled when Max brought the ball back."" Why would someone read this story?. Standard RF.1.4a."
1st,1st-grade,RF.1.4a,RF.1.4a-Q5,multiple_choice,images/1st-grade/RF.1.4a/RF.1.4a-Q5.png,"Bright 2D cartoon illustration, bold clean outlines, vibrant saturated colors. Scene: Read the text about butterflies.Butterflies start as small eggs. The eggs hatch into tiny caterpillars. Caterpillars eat many leaves to grow bigger. Then, a caterpillar makes a chrysalis around itself. Inside the chrysal. Standard RF.1.4a."
1st,1st-grade,RL.1.10,RL.1.10-Q1,multiple_choice,images/1st-grade/RL.1.10/RL.1.10-Q1.png,"Bright 2D cartoon illustration, bold clean outlines, vibrant saturated colors. Scene: Read this short story: ""Max loved his dog, Sparky. Sparky had soft brown fur and a wagging tail. Every morning, Max and Sparky went to the park. Max would throw a yellow frisbee, and Sparky would run and catch it. They b. Standard RL.1.10."
1st,1st-grade,RL.1.10,RL.1.10-Q2,multiple_choice,images/1st-grade/RL.1.10/RL.1.10-Q2.png,"Bright 2D cartoon illustration, bold clean outlines, vibrant saturated colors. Scene: Read this story: Lily loves to play. She has a big red ball. Lily rolls the ball to her dog, Max. Max barks and runs after the ball. They play in the green park. What does Lily use to play with Max?. Standard RL.1.10."
1st,1st-grade,RL.1.10,RL.1.10-Q4,multiple_choice,images/1st-grade/RL.1.10/RL.1.10-Q4.png,"Bright 2D cartoon illustration, bold clean outlines, vibrant saturated colors. Scene: After reading the poem 'My Little Dog,' what does the dog in the poem love to do?. Standard RL.1.10."
1st,1st-grade,RL.1.10,RL.1.10-Q5,multiple_choice,images/1st-grade/RL.1.10/RL.1.10-Q5.png,"Bright 2D cartoon illustration, bold clean outlines, vibrant saturated colors. Scene: Read this little story:. Standard RL.1.10."
1st,1st-grade,RI.1.10,RI.1.10-Q1,multiple_choice,images/1st-grade/RI.1.10/RI.1.10-Q1.png,"Bright 2D cartoon illustration, bold clean outlines, vibrant saturated colors. Scene: What is one special thing about giraffes?. Standard RI.1.10."
1st,1st-grade,RI.1.10,RI.1.10-Q2,multiple_choice,images/1st-grade/RI.1.10/RI.1.10-Q2.png,"Bright 2D cartoon illustration, bold clean outlines, vibrant saturated colors. Scene: Read the short text. Then answer the question: Based on the text, what is something true about bugs?. Standard RI.1.10."
1st,1st-grade,RI.1.10,RI.1.10-Q3,multiple_choice,images/1st-grade/RI.1.10/RI.1.10-Q3.png,"Bright 2D cartoon illustration, bold clean outlines, vibrant saturated colors. Scene: You need to find out one fact about a specific animal in a book. What is the best way to find that fact quickly?. Standard RI.1.10."
1st,1st-grade,RI.1.10,RI.1.10-Q4,multiple_choice,images/1st-grade/RI.1.10/RI.1.10-Q4.png,"Bright 2D cartoon illustration, bold clean outlines, vibrant saturated colors. Scene: Which animal can live in the ocean?. Standard RI.1.10."
1st,1st-grade,RI.1.10,RI.1.10-Q5,multiple_choice,images/1st-grade/RI.1.10/RI.1.10-Q5.png,"Bright 2D cartoon illustration, bold clean outlines, vibrant saturated colors. Scene: Based on the passage, what does a tadpole look like?. Standard RI.1.10."
1st,1st-grade,L.1.1,L.1.1-Q3,multiple_choice,images/1st-grade/L.1.1/L.1.1-Q3.png,"Bright 2D cartoon illustration, bold clean outlines, vibrant saturated colors. Scene: Choose the word that best completes the sentence: The birds ___ flying in the sky.. Standard L.1.1."
1st,1st-grade,L.1.1,L.1.1-Q4,multiple_choice,images/1st-grade/L.1.1/L.1.1-Q4.png,"Bright 2D cartoon illustration, bold clean outlines, vibrant saturated colors. Scene: Yesterday, Mom ___ a big cake.. Standard L.1.1."
1st,1st-grade,L.1.1,L.1.1-Q5,multiple_choice,images/1st-grade/L.1.1/L.1.1-Q5.png,"Bright 2D cartoon illustration, bold clean outlines, vibrant saturated colors. Scene: Which word best completes the sentence: The ______ puppy wagged its tail.. Standard L.1.1."
1st,1st-grade,L.1.2,L.1.2-Q2,multiple_choice,images/1st-grade/L.1.2/L.1.2-Q2.png,"Bright 2D cartoon illustration, bold clean outlines, vibrant saturated colors. Scene: Which sentence ends with the correct mark?. Standard L.1.2."
1st,1st-grade,L.1.2,L.1.2-Q4,multiple_choice,images/1st-grade/L.1.2/L.1.2-Q4.png,"Bright 2D cartoon illustration, bold clean outlines, vibrant saturated colors. Scene: Which sentence correctly uses the ending mark for a question?. Standard L.1.2."
2nd,2nd-grade,RL.2.1,RL.2.1-Q2,multiple_choice,images/2nd-grade/RL.2.1/RL.2.1-Q2.png,"Bright 2D cartoon illustration, bold clean outlines, vibrant saturated colors. Scene: What object did Leo use to play fetch with Biscuit?. Standard RL.2.1."
2nd,2nd-grade,RL.2.1,RL.2.1-Q4,multiple_choice,images/2nd-grade/RL.2.1/RL.2.1-Q4.png,"Bright 2D cartoon illustration, bold clean outlines, vibrant saturated colors. Scene: What did Grandpa and Tomas do right after they finished building the birdhouse?. Standard RL.2.1."
2nd,2nd-grade,RL.2.1,RL.2.1-Q5,multiple_choice,images/2nd-grade/RL.2.1/RL.2.1-Q5.png,"Bright 2D cartoon illustration, bold clean outlines, vibrant saturated colors. Scene: Why was Ava disappointed?. Standard RL.2.1."
2nd,2nd-grade,RL.2.5,RL.2.5-Q4,multiple_choice,images/2nd-grade/RL.2.5/RL.2.5-Q4.png,"Bright 2D cartoon illustration, bold clean outlines, vibrant saturated colors. Scene: Imagine you are starting to read a brand new story. What is the main reason the author writes the beginning part?. Standard RL.2.5."
2nd,2nd-grade,RL.2.7,RL.2.7-Q3,multiple_choice,images/2nd-grade/RL.2.7/RL.2.7-Q3.png,"Bright 2D cartoon illustration, bold clean outlines, vibrant saturated colors. Scene: In a story, the picture shows a character named Lily sitting alone with her head down, while a big storm rages outside her window. Based on the picture, how is Lily most likely feeling?. Standard RL.2.7."
2nd,2nd-grade,RL.2.9,RL.2.9-Q1,multiple_choice,images/2nd-grade/RL.2.9/RL.2.9-Q1.png,"Bright 2D cartoon illustration, bold clean outlines, vibrant saturated colors. Scene: In one Cinderella story, a girl wishes to go to a royal party, and a fairy godmother helps her get there. In another Cinderella story, a different girl also dreams of attending a royal party, and magic fish help her. Wha. Standard RL.2.9."
2nd,2nd-grade,RL.2.9,RL.2.9-Q2,multiple_choice,images/2nd-grade/RL.2.9/RL.2.9-Q2.png,"Bright 2D cartoon illustration, bold clean outlines, vibrant saturated colors. Scene: When you compare two different versions of the same story, what is the most important thing to notice about them?. Standard RL.2.9."
2nd,2nd-grade,RL.2.9,RL.2.9-Q4,multiple_choice,images/2nd-grade/RL.2.9/RL.2.9-Q4.png,"Bright 2D cartoon illustration, bold clean outlines, vibrant saturated colors. Scene: Both 'The Three Little Pigs' and 'The True Story of the 3 Little Pigs!' tell about a wolf and three pigs. What is a *big difference* about the wolf in these two stories?. Standard RL.2.9."
2nd,2nd-grade,RL.2.9,RL.2.9-Q5,multiple_choice,images/2nd-grade/RL.2.9/RL.2.9-Q5.png,"Bright 2D cartoon illustration, bold clean outlines, vibrant saturated colors. Scene: Imagine you read two different versions of the same story. In the first version, the main character is saved by a friendly helper. In the second version, the main character figures out how to escape all by themselves. Wh. Standard RL.2.9."
2nd,2nd-grade,RI.2.1,RI.2.1-Q3,multiple_choice,images/2nd-grade/RI.2.1/RI.2.1-Q3.png,"Bright 2D cartoon illustration, bold clean outlines, vibrant saturated colors. Scene: Which of these items did George Washington Carver create using peanuts?. Standard RI.2.1."
2nd,2nd-grade,RI.2.2,RI.2.2-Q1,multiple_choice,images/2nd-grade/RI.2.2/RI.2.2-Q1.png,"Bright 2D cartoon illustration, bold clean outlines, vibrant saturated colors. Scene: Dogs are very special animals that make great pets. They are often called ""man's best friend"" because they are so loyal and friendly. Dogs love to play with their families and often follow them around. Having a dog can m. Standard RI.2.2."
2nd,2nd-grade,RI.2.2,RI.2.2-Q3,multiple_choice,images/2nd-grade/RI.2.2/RI.2.2-Q3.png,"Bright 2D cartoon illustration, bold clean outlines, vibrant saturated colors. Scene: Read the passage below.. Standard RI.2.2."
2nd,2nd-grade,RI.2.2,RI.2.2-Q4,multiple_choice,images/2nd-grade/RI.2.2/RI.2.2-Q4.png,"Bright 2D cartoon illustration, bold clean outlines, vibrant saturated colors. Scene: Water is all around us, and it can look very different! Sometimes it's hard like a rock, and sometimes it flows like a river. Water can even disappear into the air. This is because water can change its shape or form.. Standard RI.2.2."
2nd,2nd-grade,RI.2.2,RI.2.2-Q5,multiple_choice,images/2nd-grade/RI.2.2/RI.2.2-Q5.png,"Bright 2D cartoon illustration, bold clean outlines, vibrant saturated colors. Scene: Read the passage below. What is the main topic of the passage? Many people love to have pets. Pets are animals that live with us in our homes. They can be fun and bring us joy. Dogs are popular pets. They like to play fe. Standard RI.2.2."
2nd,2nd-grade,RI.2.3,RI.2.3-Q4,multiple_choice,images/2nd-grade/RI.2.3/RI.2.3-Q4.png,"Bright 2D cartoon illustration, bold clean outlines, vibrant saturated colors. Scene: After you spread peanut butter on one slice, what is the main reason you put the other slice of bread on top?. Standard RI.2.3."
2nd,2nd-grade,RI.2.3,RI.2.3-Q6,multiple_choice,images/2nd-grade/RI.2.3/RI.2.3-Q6.png,"Bright 2D cartoon illustration, bold clean outlines, vibrant saturated colors. Scene: The passage explains that the sun makes ocean water evaporate. What must happen to the water vapor *after* it rises for clouds to form?. Standard RI.2.3."
2nd,2nd-grade,RI.2.3,RI.2.3-Q7,multiple_choice,images/2nd-grade/RI.2.3/RI.2.3-Q7.png,"Bright 2D cartoon illustration, bold clean outlines, vibrant saturated colors. Scene: Sea otters eat sea urchins. When there are fewer sea otters, the number of sea urchins grows. As a result, the sea urchins eat too much kelp, and the kelp forests disappear.. Standard RI.2.3."
2nd,2nd-grade,RI.2.3,RI.2.3-Q8,sentence_build,images/2nd-grade/RI.2.3/RI.2.3-Q8.png,"Bright 2D cartoon illustration, bold clean outlines, vibrant saturated colors. Scene: Put the ocean events in order from first to last.. Standard RI.2.3."
2nd,2nd-grade,RI.2.3,RI.2.3-Q9,multiple_choice,images/2nd-grade/RI.2.3/RI.2.3-Q9.png,"Bright 2D cartoon illustration, bold clean outlines, vibrant saturated colors. Scene: Clownfish live inside sea anemones. The anemone's stinging tentacles protect the clownfish from predators. In return, the clownfish cleans the anemone and brings it food.. Standard RI.2.3."
2nd,2nd-grade,RI.2.3,RI.2.3-Q10,category_sort,images/2nd-grade/RI.2.3/RI.2.3-Q10.png,"Bright 2D cartoon illustration, bold clean outlines, vibrant saturated colors. Scene: Sort each phrase — is it a cause or an effect?. Standard RI.2.3."
2nd,2nd-grade,RI.2.3,RI.2.3-Q11,multiple_choice,images/2nd-grade/RI.2.3/RI.2.3-Q11.png,"Bright 2D cartoon illustration, bold clean outlines, vibrant saturated colors. Scene: When making sea salt, why is it important that the sun heats the ocean water?. Standard RI.2.3."
2nd,2nd-grade,RI.2.3,RI.2.3-Q12,missing_word,images/2nd-grade/RI.2.3/RI.2.3-Q12.png,"Bright 2D cartoon illustration, bold clean outlines, vibrant saturated colors. Scene: Pick the right word to fill the blank.. Standard RI.2.3."
2nd,2nd-grade,RI.2.3,RI.2.3-Q13,multiple_choice,images/2nd-grade/RI.2.3/RI.2.3-Q13.png,"Bright 2D cartoon illustration, bold clean outlines, vibrant saturated colors. Scene: Plastic bags look like jellyfish in the water. Because of this, sea turtles sometimes eat the plastic by mistake. This can make them very sick.. Standard RI.2.3."
2nd,2nd-grade,RI.2.3,RI.2.3-Q14,tap_to_pair,images/2nd-grade/RI.2.3/RI.2.3-Q14.png,"Bright 2D cartoon illustration, bold clean outlines, vibrant saturated colors. Scene: Match each cause to its effect!. Standard RI.2.3."
2nd,2nd-grade,RI.2.3,RI.2.3-Q15,multiple_choice,images/2nd-grade/RI.2.3/RI.2.3-Q15.png,"Bright 2D cartoon illustration, bold clean outlines, vibrant saturated colors. Scene: Based on the passage, how does the shallow ocean near the shore help plants grow on the ocean floor?. Standard RI.2.3."
2nd,2nd-grade,RI.2.4,RI.2.4-Q2,multiple_choice,images/2nd-grade/RI.2.4/RI.2.4-Q2.png,"Bright 2D cartoon illustration, bold clean outlines, vibrant saturated colors. Scene: Frogs often live near ponds and streams. These wet places are their habitats. What does the word **habitat** mean in this sentence?. Standard RI.2.4."
2nd,2nd-grade,RI.2.8,RI.2.8-Q1,multiple_choice,images/2nd-grade/RI.2.8/RI.2.8-Q1.png,"Bright 2D cartoon illustration, bold clean outlines, vibrant saturated colors. Scene: The author says recess helps kids ""focus better in class."" How does this reason help you understand why ""recess is important for kids""?. Standard RI.2.8."
2nd,2nd-grade,RI.2.8,RI.2.8-Q2,multiple_choice,images/2nd-grade/RI.2.8/RI.2.8-Q2.png,"Bright 2D cartoon illustration, bold clean outlines, vibrant saturated colors. Scene: Which of these is a reason the author gives for why you should drink more water?. Standard RI.2.8."
2nd,2nd-grade,RI.2.8,RI.2.8-Q4,multiple_choice,images/2nd-grade/RI.2.8/RI.2.8-Q4.png,"Bright 2D cartoon illustration, bold clean outlines, vibrant saturated colors. Scene: Read the short text. ""You should always wear a helmet when you ride your bike. Wearing a helmet is important because it keeps your head safe if you fall down. So, remember your helmet!"" Which statement best shares the au. Standard RI.2.8."
2nd,2nd-grade,RI.2.9,RI.2.9-Q2,multiple_choice,images/2nd-grade/RI.2.9/RI.2.9-Q2.png,"Bright 2D cartoon illustration, bold clean outlines, vibrant saturated colors. Scene: Read Text A and Text B about the ocean.Text A: The ocean is a big home for many amazing animals! Whales are the biggest animals in the ocean. They swim and sing loud songs. Small, colorful fish dart through coral reefs. . Standard RI.2.9."
2nd,2nd-grade,RI.2.9,RI.2.9-Q4,multiple_choice,images/2nd-grade/RI.2.9/RI.2.9-Q4.png,"Bright 2D cartoon illustration, bold clean outlines, vibrant saturated colors. Scene: Read these two texts. Text 1: 'Dogs are playful pets. They have soft fur. Dogs love to run and fetch balls. They often make a barking sound. Dogs need to go outside for walks.' Text 2: 'Cats are quiet pets. They also hav. Standard RI.2.9."
2nd,2nd-grade,RI.2.10,RI.2.10-Q1,multiple_choice,images/2nd-grade/RI.2.10/RI.2.10-Q1.png,"Bright 2D cartoon illustration, bold clean outlines, vibrant saturated colors. Scene: Based on the text, why would an octopus change its color?. Standard RI.2.10."
2nd,2nd-grade,RI.2.10,RI.2.10-Q5,multiple_choice,images/2nd-grade/RI.2.10/RI.2.10-Q5.png,"Bright 2D cartoon illustration, bold clean outlines, vibrant saturated colors. Scene: Over many years, what causes a volcano to slowly get taller and wider?. Standard RI.2.10."
2nd,2nd-grade,RF.2.3,RF.2.3-Q3,multiple_choice,images/2nd-grade/RF.2.3/RF.2.3-Q3.png,"Bright 2D cartoon illustration, bold clean outlines, vibrant saturated colors. Scene: If you are *not feeling happy*, which word best describes how you feel?. Standard RF.2.3."
2nd,2nd-grade,RF.2.3,RF.2.3-Q5,multiple_choice,images/2nd-grade/RF.2.3/RF.2.3-Q5.png,"Bright 2D cartoon illustration, bold clean outlines, vibrant saturated colors. Scene: What sound does the 'au' make in the word 'because'?. Standard RF.2.3."
2nd,2nd-grade,RF.2.3a,RF.2.3a-Q4,multiple_choice,images/2nd-grade/RF.2.3a/RF.2.3a-Q4.png,"Bright 2D cartoon illustration, bold clean outlines, vibrant saturated colors. Scene: Which word has a short 'a' sound?. Standard RF.2.3a."
2nd,2nd-grade,RF.2.3a,RF.2.3a-Q5,multiple_choice,images/2nd-grade/RF.2.3a/RF.2.3a-Q5.png,"Bright 2D cartoon illustration, bold clean outlines, vibrant saturated colors. Scene: Which word has the same vowel sound as the word 'kite'?. Standard RF.2.3a."
2nd,2nd-grade,RF.2.3b,RF.2.3b-Q3,multiple_choice,images/2nd-grade/RF.2.3b/RF.2.3b-Q3.png,"Bright 2D cartoon illustration, bold clean outlines, vibrant saturated colors. Scene: Which word correctly completes the sentence and has the same vowel sound as **rain**? We went to the park to ______.. Standard RF.2.3b."
2nd,2nd-grade,RF.2.3b,RF.2.3b-Q4,multiple_choice,images/2nd-grade/RF.2.3b/RF.2.3b-Q4.png,"Bright 2D cartoon illustration, bold clean outlines, vibrant saturated colors. Scene: What sound does the 'oa' vowel team make in the word 'goat'?. Standard RF.2.3b."
2nd,2nd-grade,RF.2.3c,RF.2.3c-Q4,multiple_choice,images/2nd-grade/RF.2.3c/RF.2.3c-Q4.png,"Bright 2D cartoon illustration, bold clean outlines, vibrant saturated colors. Scene: Which choice shows how to correctly say the word **robot**?. Standard RF.2.3c."
2nd,2nd-grade,RF.2.3d,RF.2.3d-Q4,multiple_choice,images/2nd-grade/RF.2.3d/RF.2.3d-Q4.png,"Bright 2D cartoon illustration, bold clean outlines, vibrant saturated colors. Scene: What does it mean if something is ""helpful""?. Standard RF.2.3d."
2nd,2nd-grade,RF.2.3d,RF.2.3d-Q6,tap_to_pair,images/2nd-grade/RF.2.3d/RF.2.3d-Q6.png,"Bright 2D cartoon illustration, bold clean outlines, vibrant saturated colors. Scene: Match each word to its meaning!. Standard RF.2.3d."
2nd,2nd-grade,RF.2.3e,RF.2.3e-Q1,multiple_choice,images/2nd-grade/RF.2.3e/RF.2.3e-Q1.png,"Bright 2D cartoon illustration, bold clean outlines, vibrant saturated colors. Scene: If you were trying to sound out each word below, which one would be the trickiest to read because its letter sounds don't follow the usual phonics rules?. Standard RF.2.3e."
2nd,2nd-grade,RF.2.3e,RF.2.3e-Q5,multiple_choice,images/2nd-grade/RF.2.3e/RF.2.3e-Q5.png,"Bright 2D cartoon illustration, bold clean outlines, vibrant saturated colors. Scene: Which word below has a part that sounds different from how you would usually expect those letters to sound?. Standard RF.2.3e."
2nd,2nd-grade,RF.2.3f,RF.2.3f-Q1,multiple_choice,images/2nd-grade/RF.2.3f/RF.2.3f-Q1.png,"Bright 2D cartoon illustration, bold clean outlines, vibrant saturated colors. Scene: Read the sentence. Which word best completes the sentence? There were many ____ at the school fair.. Standard RF.2.3f."
2nd,2nd-grade,RF.2.3f,RF.2.3f-Q3,multiple_choice,images/2nd-grade/RF.2.3f/RF.2.3f-Q3.png,"Bright 2D cartoon illustration, bold clean outlines, vibrant saturated colors. Scene: Which of these words is spelled in a way that is tricky or does not follow common sound rules?. Standard RF.2.3f."
2nd,2nd-grade,RF.2.4,RF.2.4-Q1,multiple_choice,images/2nd-grade/RF.2.4/RF.2.4-Q1.png,"Bright 2D cartoon illustration, bold clean outlines, vibrant saturated colors. Scene: Imagine you are reading a fun story to your classmates. Which way of reading would help everyone understand the story best?. Standard RF.2.4."
2nd,2nd-grade,RF.2.4a,RF.2.4a-Q1,multiple_choice,images/2nd-grade/RF.2.4a/RF.2.4a-Q1.png,"Bright 2D cartoon illustration, bold clean outlines, vibrant saturated colors. Scene: What did the farmer do to help his garden grow before summer?. Standard RF.2.4a."
2nd,2nd-grade,RF.2.4b,RF.2.4b-Q4,multiple_choice,images/2nd-grade/RF.2.4b/RF.2.4b-Q4.png,"Bright 2D cartoon illustration, bold clean outlines, vibrant saturated colors. Scene: Imagine you are reading a story out loud to your younger brother or sister. What is the best way to read so they can easily understand and enjoy the story?. Standard RF.2.4b."
2nd,2nd-grade,L.2.4,L.2.4-Q6,tap_to_pair,images/2nd-grade/L.2.4/L.2.4-Q6.png,"Bright 2D cartoon illustration, bold clean outlines, vibrant saturated colors. Scene: Match each word to its meaning!. Standard L.2.4."
2nd,2nd-grade,L.2.4a,L.2.4a-Q6,tap_to_pair,images/2nd-grade/L.2.4a/L.2.4a-Q6.png,"Bright 2D cartoon illustration, bold clean outlines, vibrant saturated colors. Scene: Match each word to its meaning!. Standard L.2.4a."
2nd,2nd-grade,L.2.4b,L.2.4b-Q6,tap_to_pair,images/2nd-grade/L.2.4b/L.2.4b-Q6.png,"Bright 2D cartoon illustration, bold clean outlines, vibrant saturated colors. Scene: Match each word to its meaning!. Standard L.2.4b."
2nd,2nd-grade,L.2.4c,L.2.4c-Q3,multiple_choice,images/2nd-grade/L.2.4c/L.2.4c-Q3.png,"Bright 2D cartoon illustration, bold clean outlines, vibrant saturated colors. Scene: If someone is *helpless*, what does that mean about them?. Standard L.2.4c."
2nd,2nd-grade,L.2.4c,L.2.4c-Q6,tap_to_pair,images/2nd-grade/L.2.4c/L.2.4c-Q6.png,"Bright 2D cartoon illustration, bold clean outlines, vibrant saturated colors. Scene: Match each word to its meaning!. Standard L.2.4c."
2nd,2nd-grade,L.2.4d,L.2.4d-Q2,multiple_choice,images/2nd-grade/L.2.4d/L.2.4d-Q2.png,"Bright 2D cartoon illustration, bold clean outlines, vibrant saturated colors. Scene: If you know what **rain** means and what **coat** means, what does a **raincoat** help you do?. Standard L.2.4d."
2nd,2nd-grade,L.2.4d,L.2.4d-Q5,multiple_choice,images/2nd-grade/L.2.4d/L.2.4d-Q5.png,"Bright 2D cartoon illustration, bold clean outlines, vibrant saturated colors. Scene: If ""rain"" means water falling from the sky and a ""coat"" is clothing you wear, what does a ""raincoat"" help you do?. Standard L.2.4d."
2nd,2nd-grade,L.2.4e,L.2.4e-Q1,multiple_choice,images/2nd-grade/L.2.4e/L.2.4e-Q1.png,"Bright 2D cartoon illustration, bold clean outlines, vibrant saturated colors. Scene: In a nonfiction book, a glossary helps you understand new words. If you see this entry: ""desert: a very dry place with little water,"" what does ""desert"" mean?. Standard L.2.4e."
2nd,2nd-grade,L.2.4e,L.2.4e-Q2,multiple_choice,images/2nd-grade/L.2.4e/L.2.4e-Q2.png,"Bright 2D cartoon illustration, bold clean outlines, vibrant saturated colors. Scene: Read this sentence: 'Maya was excited to discover a hidden key under the rug.' If you used a dictionary to understand the word 'discover,' which meaning would best fit the sentence?. Standard L.2.4e."
2nd,2nd-grade,L.2.4e,L.2.4e-Q4,multiple_choice,images/2nd-grade/L.2.4e/L.2.4e-Q4.png,"Bright 2D cartoon illustration, bold clean outlines, vibrant saturated colors. Scene: A glossary says that 'flutter' means to move wings quickly. If a butterfly starts to flutter, what is it doing?. Standard L.2.4e."
2nd,2nd-grade,L.2.4e,L.2.4e-Q5,multiple_choice,images/2nd-grade/L.2.4e/L.2.4e-Q5.png,"Bright 2D cartoon illustration, bold clean outlines, vibrant saturated colors. Scene: A dictionary entry for a word looks like this: penguin (noun): A large bird that lives in cold places, swims very well, and has black and white feathers. It cannot fly.Based on this dictionary entry, which sentence tells. Standard L.2.4e."
2nd,2nd-grade,L.2.6,L.2.6-Q2,multiple_choice,images/2nd-grade/L.2.6/L.2.6-Q2.png,"Bright 2D cartoon illustration, bold clean outlines, vibrant saturated colors. Scene: The girl sang her favorite song. She wanted all her friends to hear it from far away. Which word best tells how she sang?. Standard L.2.6."
2nd,2nd-grade,L.2.1,L.2.1-Q1,multiple_choice,images/2nd-grade/L.2.1/L.2.1-Q1.png,"Bright 2D cartoon illustration, bold clean outlines, vibrant saturated colors. Scene: Which sentence shows the correct way to use a verb?. Standard L.2.1."
2nd,2nd-grade,L.2.1,L.2.1-Q4,multiple_choice,images/2nd-grade/L.2.1/L.2.1-Q4.png,"Bright 2D cartoon illustration, bold clean outlines, vibrant saturated colors. Scene: Read the sentence: ""A flock of birds flew over the park."" Imagine only one bird flew over the park. Which word would best complete this new sentence: ""A _______ flew over the park."". Standard L.2.1."
2nd,2nd-grade,L.2.2,L.2.2-Q2,multiple_choice,images/2nd-grade/L.2.2/L.2.2-Q2.png,"Bright 2D cartoon illustration, bold clean outlines, vibrant saturated colors. Scene: Which sentence uses the contraction ""can't"" correctly?. Standard L.2.2."
2nd,2nd-grade,L.2.2,L.2.2-Q5,multiple_choice,images/2nd-grade/L.2.2/L.2.2-Q5.png,"Bright 2D cartoon illustration, bold clean outlines, vibrant saturated colors. Scene: Which sentence uses commas correctly to list things?. Standard L.2.2."
3rd,3rd-grade,RL.3.3,RL.3.3-Q5,multiple_choice,images/3rd-grade/RL.3.3/RL.3.3-Q5.png,"Bright 2D cartoon illustration, bold clean outlines, vibrant saturated colors. Scene: Lily wanted to build the tallest sandcastle on the beach. First, she watched how the waves came in and where the sand was firmest. Then, she drew a small picture of her castle in the sand with a stick. She decided to dig. Standard RL.3.3."
3rd,3rd-grade,RL.3.4,RL.3.4-Q6,tap_to_pair,images/3rd-grade/RL.3.4/RL.3.4-Q6.png,"Bright 2D cartoon illustration, bold clean outlines, vibrant saturated colors. Scene: Match each expression to its meaning!. Standard RL.3.4."
3rd,3rd-grade,RL.3.5,RL.3.5-Q1,multiple_choice,images/3rd-grade/RL.3.5/RL.3.5-Q1.png,"Bright 2D cartoon illustration, bold clean outlines, vibrant saturated colors. Scene: If your teacher asks you to read the second 'stanza' of a poem, what is she telling you to do?. Standard RL.3.5."
3rd,3rd-grade,RL.3.5,RL.3.5-Q4,multiple_choice,images/3rd-grade/RL.3.5/RL.3.5-Q4.png,"Bright 2D cartoon illustration, bold clean outlines, vibrant saturated colors. Scene: Read the poem below. How many stanzas are in the poem 'My Dog Spot'?My dog Spot is fluffy and white,He barks all day and sleeps all night.He loves to play with his red ball,And comes running when I call.When we go out fo. Standard RL.3.5."
3rd,3rd-grade,RL.3.6,RL.3.6-Q1,multiple_choice,images/3rd-grade/RL.3.6/RL.3.6-Q1.png,"Bright 2D cartoon illustration, bold clean outlines, vibrant saturated colors. Scene: The narrator says, ""Vegetables are the most boring food in the world."" How does *your* point of view about vegetables compare to the narrator's?. Standard RL.3.6."
3rd,3rd-grade,RL.3.6,RL.3.6-Q4,multiple_choice,images/3rd-grade/RL.3.6/RL.3.6-Q4.png,"Bright 2D cartoon illustration, bold clean outlines, vibrant saturated colors. Scene: Read this part of a story: 'Mia skipped happily down the path. She didn't know a small puddle was hiding just ahead!' What does the narrator tell you that Mia does not know?. Standard RL.3.6."
3rd,3rd-grade,RL.3.7,RL.3.7-Q2,multiple_choice,images/3rd-grade/RL.3.7/RL.3.7-Q2.png,"Bright 2D cartoon illustration, bold clean outlines, vibrant saturated colors. Scene: Read this story part: 'Leo crept down the long, spooky hallway. Every little creak and groan made him jump. He wondered what was hiding in the shadows.' Imagine an illustration for this story shows Leo holding a tiny, fl. Standard RL.3.7."
3rd,3rd-grade,RL.3.7,RL.3.7-Q4,multiple_choice,images/3rd-grade/RL.3.7/RL.3.7-Q4.png,"Bright 2D cartoon illustration, bold clean outlines, vibrant saturated colors. Scene: In the story, the words describe Lily: 'Lily skipped into the classroom, her backpack bouncing. She always had a big smile and loved to share her colorful drawings with everyone.' The picture shows Lily with a wide, joyf. Standard RL.3.7."
3rd,3rd-grade,RL.3.9,RL.3.9-Q2,multiple_choice,images/3rd-grade/RL.3.9/RL.3.9-Q2.png,"Bright 2D cartoon illustration, bold clean outlines, vibrant saturated colors. Scene: Imagine two stories by the same author. The first story is about two friends who live near big buildings and play in a busy park. The second story is about two friends who live on a farm and play near animals in a field.. Standard RL.3.9."
3rd,3rd-grade,RL.3.9,RL.3.9-Q4,multiple_choice,images/3rd-grade/RL.3.9/RL.3.9-Q4.png,"Bright 2D cartoon illustration, bold clean outlines, vibrant saturated colors. Scene: An author writes two stories about a character named Rosie. In the first story, Rosie learns that being kind is important. In the second story, Rosie learns that it's okay to ask for help. What literary element is differ. Standard RL.3.9."
3rd,3rd-grade,RL.3.9,RL.3.9-Q5,multiple_choice,images/3rd-grade/RL.3.9/RL.3.9-Q5.png,"Bright 2D cartoon illustration, bold clean outlines, vibrant saturated colors. Scene: Story 1: Lily really wanted to win the school's running race. She practiced every single day, even when she was tired. She didn't come in first, but she was happy because she tried her very best.Story 2: Tom saw his elde. Standard RL.3.9."
3rd,3rd-grade,RL.3.10,RL.3.10-Q1,multiple_choice,images/3rd-grade/RL.3.10/RL.3.10-Q1.png,"Bright 2D cartoon illustration, bold clean outlines, vibrant saturated colors. Scene: What does the old woman's action of putting a lantern in her window every night reveal about the kind of person she is?. Standard RL.3.10."
3rd,3rd-grade,RL.3.10,RL.3.10-Q3,multiple_choice,images/3rd-grade/RL.3.10/RL.3.10-Q3.png,"Bright 2D cartoon illustration, bold clean outlines, vibrant saturated colors. Scene: After the other kids said Sana couldn't climb the tree, what did she do next?. Standard RL.3.10."
3rd,3rd-grade,RI.3.1,RI.3.1-Q1,multiple_choice,images/3rd-grade/RI.3.1/RI.3.1-Q1.png,"Bright 2D cartoon illustration, bold clean outlines, vibrant saturated colors. Scene: Which statement tells two important things about the Amazon Rainforest, according to the text?. Standard RI.3.1."
3rd,3rd-grade,RI.3.1,RI.3.1-Q4,multiple_choice,images/3rd-grade/RI.3.1/RI.3.1-Q4.png,"Bright 2D cartoon illustration, bold clean outlines, vibrant saturated colors. Scene: According to the text, what did Thomas Edison say he found instead of failures when trying to invent the light bulb?. Standard RI.3.1."
3rd,3rd-grade,RI.3.2,RI.3.2-Q4,multiple_choice,images/3rd-grade/RI.3.2/RI.3.2-Q4.png,"Bright 2D cartoon illustration, bold clean outlines, vibrant saturated colors. Scene: Read the passage below.Butterflies start as tiny eggs. The eggs hatch into larvae, which are called caterpillars. Caterpillars eat many leaves and grow bigger. After growing, a caterpillar forms a pupa around itself, oft. Standard RI.3.2."
3rd,3rd-grade,RI.3.3,RI.3.3-Q2,multiple_choice,images/3rd-grade/RI.3.3/RI.3.3-Q2.png,"Bright 2D cartoon illustration, bold clean outlines, vibrant saturated colors. Scene: What happened because Rosa Parks refused to give up her bus seat?. Standard RI.3.3."
3rd,3rd-grade,RI.3.3,RI.3.3-Q6,category_sort,images/3rd-grade/RI.3.3/RI.3.3-Q6.png,"Bright 2D cartoon illustration, bold clean outlines, vibrant saturated colors. Scene: Sort these into Cause or Effect!. Standard RI.3.3."
3rd,3rd-grade,RI.3.3,RI.3.3-Q7,sentence_build,images/3rd-grade/RI.3.3/RI.3.3-Q7.png,"Bright 2D cartoon illustration, bold clean outlines, vibrant saturated colors. Scene: Put the steps of the ocean food chain in order.. Standard RI.3.3."
3rd,3rd-grade,RI.3.3,RI.3.3-Q8,multiple_choice,images/3rd-grade/RI.3.3/RI.3.3-Q8.png,"Bright 2D cartoon illustration, bold clean outlines, vibrant saturated colors. Scene: Mangrove trees grow along tropical coastlines. Their roots extend into the water and slow down waves. Due to this, mangroves prevent erosion and protect the shore during storms.. Standard RI.3.3."
3rd,3rd-grade,RI.3.3,RI.3.3-Q9,category_sort,images/3rd-grade/RI.3.3/RI.3.3-Q9.png,"Bright 2D cartoon illustration, bold clean outlines, vibrant saturated colors. Scene: Sort each signal word — does it show cause and effect, or sequence?. Standard RI.3.3."
3rd,3rd-grade,RI.3.3,RI.3.3-Q10,missing_word,images/3rd-grade/RI.3.3/RI.3.3-Q10.png,"Bright 2D cartoon illustration, bold clean outlines, vibrant saturated colors. Scene: Pick the right signal word to fill the blank.. Standard RI.3.3."
3rd,3rd-grade,RI.3.3,RI.3.3-Q11,multiple_choice,images/3rd-grade/RI.3.3/RI.3.3-Q11.png,"Bright 2D cartoon illustration, bold clean outlines, vibrant saturated colors. Scene: To study whale migration, scientists first attach a small tracking device to the whale. Next, they monitor the whale's location using satellites. Then, they record the data over several months. Finally, they compare rout. Standard RI.3.3."
3rd,3rd-grade,RI.3.3,RI.3.3-Q12,tap_to_pair,images/3rd-grade/RI.3.3/RI.3.3-Q12.png,"Bright 2D cartoon illustration, bold clean outlines, vibrant saturated colors. Scene: Match each ocean cause to its effect!. Standard RI.3.3."
3rd,3rd-grade,RI.3.3,RI.3.3-Q13,multiple_choice,images/3rd-grade/RI.3.3/RI.3.3-Q13.png,"Bright 2D cartoon illustration, bold clean outlines, vibrant saturated colors. Scene: Plastic breaks down into tiny pieces called microplastics. Since microplastics are so small, fish mistake them for food and eat them. Consequently, the chemicals in the plastic enter the food chain.. Standard RI.3.3."
3rd,3rd-grade,RI.3.3,RI.3.3-Q14,multiple_choice,images/3rd-grade/RI.3.3/RI.3.3-Q14.png,"Bright 2D cartoon illustration, bold clean outlines, vibrant saturated colors. Scene: After a hurricane passes over the ocean, the strong winds push huge waves onto the shore. These waves carry sand, shells, and debris inland. In the following weeks, the beach slowly rebuilds as calmer waves bring sand ba. Standard RI.3.3."
3rd,3rd-grade,RI.3.4,RI.3.4-Q1,multiple_choice,images/3rd-grade/RI.3.4/RI.3.4-Q1.png,"Bright 2D cartoon illustration, bold clean outlines, vibrant saturated colors. Scene: Imagine a plant soaking up sunshine! It's also drinking water and taking in a special gas from the air. All of these things help the plant do its job of making food for itself. This important job is called photosynthesis. Standard RI.3.4."
3rd,3rd-grade,RI.3.4,RI.3.4-Q4,multiple_choice,images/3rd-grade/RI.3.4/RI.3.4-Q4.png,"Bright 2D cartoon illustration, bold clean outlines, vibrant saturated colors. Scene: Deer, rabbits, and cows are called herbivores. These animals eat things like grass, clover, and hay. Based on this information, what do herbivores eat?. Standard RI.3.4."
3rd,3rd-grade,RI.3.5,RI.3.5-Q1,multiple_choice,images/3rd-grade/RI.3.5/RI.3.5-Q1.png,"Bright 2D cartoon illustration, bold clean outlines, vibrant saturated colors. Scene: Imagine you have a science textbook and you want to quickly find all the pages that explain what volcanoes are. Which text feature would be the most helpful to use?. Standard RI.3.5."
3rd,3rd-grade,RI.3.5,RI.3.5-Q4,multiple_choice,images/3rd-grade/RI.3.5/RI.3.5-Q4.png,"Bright 2D cartoon illustration, bold clean outlines, vibrant saturated colors. Scene: Imagine you are reading a non-fiction book about space and you want to quickly find the exact page that talks about ""Mars."" Which part of the book would you use to efficiently locate this specific information?. Standard RI.3.5."
3rd,3rd-grade,RI.3.6,RI.3.6-Q1,multiple_choice,images/3rd-grade/RI.3.6/RI.3.6-Q1.png,"Bright 2D cartoon illustration, bold clean outlines, vibrant saturated colors. Scene: After a long day at school, some kids just want to play. They might think homework is just more work. But doing a little practice at home can really help your brain remember new things. If you practice your sight words, . Standard RI.3.6."
3rd,3rd-grade,RI.3.6,RI.3.6-Q3,multiple_choice,images/3rd-grade/RI.3.6/RI.3.6-Q3.png,"Bright 2D cartoon illustration, bold clean outlines, vibrant saturated colors. Scene: Read the paragraph. What is the author's point of view about dogs?. Standard RI.3.6."
3rd,3rd-grade,RI.3.6,RI.3.6-Q5,multiple_choice,images/3rd-grade/RI.3.6/RI.3.6-Q5.png,"Bright 2D cartoon illustration, bold clean outlines, vibrant saturated colors. Scene: After reading the text, ""Eating a big salad every single night is the best way to stay strong and smart. Only vegetables can give you all the vitamins you need. If you don't eat a salad, you might not be as healthy as yo. Standard RI.3.6."
3rd,3rd-grade,RI.3.8,RI.3.8-Q2,multiple_choice,images/3rd-grade/RI.3.8/RI.3.8-Q2.png,"Bright 2D cartoon illustration, bold clean outlines, vibrant saturated colors. Scene: How do the first two paragraphs of the passage connect to each other?. Standard RI.3.8."
3rd,3rd-grade,RI.3.8,RI.3.8-Q5,multiple_choice,images/3rd-grade/RI.3.8/RI.3.8-Q5.png,"Bright 2D cartoon illustration, bold clean outlines, vibrant saturated colors. Scene: Read these sentences: ""First, Maya watered her plants. Then, she opened the window to let in fresh air."" What does the word ""Then"" tell us about these two things?. Standard RI.3.8."
3rd,3rd-grade,RI.3.9,RI.3.9-Q1,multiple_choice,images/3rd-grade/RI.3.9/RI.3.9-Q1.png,"Bright 2D cartoon illustration, bold clean outlines, vibrant saturated colors. Scene: Text A explains how sharks find their food. Text B explains why there are fewer sharks in the ocean. How are the main ideas of Text A and Text B different?. Standard RI.3.9."
3rd,3rd-grade,RI.3.9,RI.3.9-Q5,multiple_choice,images/3rd-grade/RI.3.9/RI.3.9-Q5.png,"Bright 2D cartoon illustration, bold clean outlines, vibrant saturated colors. Scene: Which statement best compares the main points of Text A and Text B?. Standard RI.3.9."
3rd,3rd-grade,RI.3.10,RI.3.10-Q1,multiple_choice,images/3rd-grade/RI.3.10/RI.3.10-Q1.png,"Bright 2D cartoon illustration, bold clean outlines, vibrant saturated colors. Scene: According to the passage, what role do coral polyps play in the Great Barrier Reef being the largest living structure on Earth?. Standard RI.3.10."
3rd,3rd-grade,RF.3.3a,RF.3.3a-Q4,multiple_choice,images/3rd-grade/RF.3.3a/RF.3.3a-Q4.png,"Bright 2D cartoon illustration, bold clean outlines, vibrant saturated colors. Scene: If a movie is ""enjoyable,"" what does the suffix -able tell us about the movie?. Standard RF.3.3a."
3rd,3rd-grade,RF.3.3b,RF.3.3b-Q2,multiple_choice,images/3rd-grade/RF.3.3b/RF.3.3b-Q2.png,"Bright 2D cartoon illustration, bold clean outlines, vibrant saturated colors. Scene: Which word contains the Latin suffix **-sion** and makes the /shun/ sound, like in 'push'?. Standard RF.3.3b."
3rd,3rd-grade,RF.3.3b,RF.3.3b-Q4,multiple_choice,images/3rd-grade/RF.3.3b/RF.3.3b-Q4.png,"Bright 2D cartoon illustration, bold clean outlines, vibrant saturated colors. Scene: The word ""active"" means ""full of action."" Which word below uses a common Latin suffix to show that something has a lot of a certain quality?. Standard RF.3.3b."
3rd,3rd-grade,RF.3.3c,RF.3.3c-Q3,multiple_choice,images/3rd-grade/RF.3.3c/RF.3.3c-Q3.png,"Bright 2D cartoon illustration, bold clean outlines, vibrant saturated colors. Scene: Which choice correctly shows how to break the word ""fantastic"" into smaller parts to help you read it?. Standard RF.3.3c."
3rd,3rd-grade,RF.3.3d,RF.3.3d-Q1,multiple_choice,images/3rd-grade/RF.3.3d/RF.3.3d-Q1.png,"Bright 2D cartoon illustration, bold clean outlines, vibrant saturated colors. Scene: Read the sentence below. Choose the word that best completes the sentence. I have had _______ to eat.. Standard RF.3.3d."
3rd,3rd-grade,RF.3.3d,RF.3.3d-Q2,multiple_choice,images/3rd-grade/RF.3.3d/RF.3.3d-Q2.png,"Bright 2D cartoon illustration, bold clean outlines, vibrant saturated colors. Scene: When you used your brain to figure out a tough math problem, what did you do?. Standard RF.3.3d."
3rd,3rd-grade,RF.3.3d,RF.3.3d-Q3,multiple_choice,images/3rd-grade/RF.3.3d/RF.3.3d-Q3.png,"Bright 2D cartoon illustration, bold clean outlines, vibrant saturated colors. Scene: Which sentence uses the word ""through"" correctly?. Standard RF.3.3d."
3rd,3rd-grade,RF.3.4,RF.3.4-Q1,multiple_choice,images/3rd-grade/RF.3.4/RF.3.4-Q1.png,"Bright 2D cartoon illustration, bold clean outlines, vibrant saturated colors. Scene: Which choice best describes how a reader should say the sentence, ""Wow, what a surprise!"". Standard RF.3.4."
3rd,3rd-grade,RF.3.4,RF.3.4-Q2,multiple_choice,images/3rd-grade/RF.3.4/RF.3.4-Q2.png,"Bright 2D cartoon illustration, bold clean outlines, vibrant saturated colors. Scene: When a student reads a story fluently, what helps them understand the story best?. Standard RF.3.4."
3rd,3rd-grade,RF.3.4,RF.3.4-Q3,multiple_choice,images/3rd-grade/RF.3.4/RF.3.4-Q3.png,"Bright 2D cartoon illustration, bold clean outlines, vibrant saturated colors. Scene: Read the sentence below. Which word makes the sentence confusing and needs to be changed?""My sister wanted too go to the park with us."". Standard RF.3.4."
3rd,3rd-grade,RF.3.4,RF.3.4-Q5,multiple_choice,images/3rd-grade/RF.3.4/RF.3.4-Q5.png,"Bright 2D cartoon illustration, bold clean outlines, vibrant saturated colors. Scene: Imagine a student is reading the sentence 'The little bird sang a happy song.' Which choice shows the student reading every word correctly?. Standard RF.3.4."
3rd,3rd-grade,RF.3.4a,RF.3.4a-Q3,multiple_choice,images/3rd-grade/RF.3.4a/RF.3.4a-Q3.png,"Bright 2D cartoon illustration, bold clean outlines, vibrant saturated colors. Scene: Based on the inventions mentioned in the text, what can you understand about Benjamin Franklin's interests?. Standard RF.3.4a."
3rd,3rd-grade,RF.3.4a,RF.3.4a-Q5,multiple_choice,images/3rd-grade/RF.3.4a/RF.3.4a-Q5.png,"Bright 2D cartoon illustration, bold clean outlines, vibrant saturated colors. Scene: Read the story. Squeaky the squirrel was very busy. He spent his days collecting acorns and burying them near the big oak tree. He knew winter was coming soon, and he wanted to have plenty of food saved up. Squeaky worke. Standard RF.3.4a."
3rd,3rd-grade,RF.3.4b,RF.3.4b-Q3,multiple_choice,images/3rd-grade/RF.3.4b/RF.3.4b-Q3.png,"Bright 2D cartoon illustration, bold clean outlines, vibrant saturated colors. Scene: Imagine you are reading a fun adventure story to your classmates. To make sure they understand and enjoy the story the most, how should you read?. Standard RF.3.4b."
3rd,3rd-grade,RF.3.4c,RF.3.4c-Q2,multiple_choice,images/3rd-grade/RF.3.4c/RF.3.4c-Q2.png,"Bright 2D cartoon illustration, bold clean outlines, vibrant saturated colors. Scene: Lily loved to watch the birds. One day, she saw a robin building its nest. It used tiny twigs and soft grass. The robin worked hard to *construct* a cozy home for its eggs. If you weren't sure what 'construct' meant, wha. Standard RF.3.4c."
3rd,3rd-grade,RF.3.4c,RF.3.4c-Q5,multiple_choice,images/3rd-grade/RF.3.4c/RF.3.4c-Q5.png,"Bright 2D cartoon illustration, bold clean outlines, vibrant saturated colors. Scene: You read **wind** as rhyming with **find** in this sentence: ""The wind blew the leaves across the yard."" Is that correct?. Standard RF.3.4c."
3rd,3rd-grade,L.3.4,L.3.4-Q6,tap_to_pair,images/3rd-grade/L.3.4/L.3.4-Q6.png,"Bright 2D cartoon illustration, bold clean outlines, vibrant saturated colors. Scene: Match each word to its meaning in context!. Standard L.3.4."
3rd,3rd-grade,L.3.4a,L.3.4a-Q6,tap_to_pair,images/3rd-grade/L.3.4a/L.3.4a-Q6.png,"Bright 2D cartoon illustration, bold clean outlines, vibrant saturated colors. Scene: Match each word to its meaning!. Standard L.3.4a."
3rd,3rd-grade,L.3.4b,L.3.4b-Q6,tap_to_pair,images/3rd-grade/L.3.4b/L.3.4b-Q6.png,"Bright 2D cartoon illustration, bold clean outlines, vibrant saturated colors. Scene: Match each word to its meaning!. Standard L.3.4b."
3rd,3rd-grade,L.3.4c,L.3.4c-Q6,tap_to_pair,images/3rd-grade/L.3.4c/L.3.4c-Q6.png,"Bright 2D cartoon illustration, bold clean outlines, vibrant saturated colors. Scene: Match each root or word to its meaning!. Standard L.3.4c."
3rd,3rd-grade,L.3.4d,L.3.4d-Q3,multiple_choice,images/3rd-grade/L.3.4d/L.3.4d-Q3.png,"Bright 2D cartoon illustration, bold clean outlines, vibrant saturated colors. Scene: Read the dictionary entry below for the word 'giggle.'giggle (gig-uhl) verb.1. To laugh in a silly, often quiet way.Example: The children started to giggle when the clown made a funny face.What does the word 'giggle' mea. Standard L.3.4d."
3rd,3rd-grade,L.3.1,L.3.1-Q1,multiple_choice,images/3rd-grade/L.3.1/L.3.1-Q1.png,"Bright 2D cartoon illustration, bold clean outlines, vibrant saturated colors. Scene: Which sentence correctly uses a verb to show something happened in the past?. Standard L.3.1."
4th,4th-grade,RL.4.2,RL.4.2-Q3,multiple_choice,images/4th-grade/RL.4.2/RL.4.2-Q3.png,"Bright 2D cartoon illustration, bold clean outlines, vibrant saturated colors. Scene: Read the story below. What is the main lesson the story about Lily teaches?. Standard RL.4.2."
4th,4th-grade,RL.4.2,RL.4.2-Q5,multiple_choice,images/4th-grade/RL.4.2/RL.4.2-Q5.png,"Bright 2D cartoon illustration, bold clean outlines, vibrant saturated colors. Scene: Read the story about Lily.Lily the squirrel woke up feeling very hungry in her cozy nest. She remembered a big, shiny acorn on the ground. When Lily scurried down the tree to get it, a grumpy blue jay was already pecking. Standard RL.4.2."
4th,4th-grade,RL.4.3,RL.4.3-Q4,multiple_choice,images/4th-grade/RL.4.3/RL.4.3-Q4.png,"Bright 2D cartoon illustration, bold clean outlines, vibrant saturated colors. Scene: Read the passage about Leo. Then, based on the passage, which statement best describes Leo in depth? Leo was the new kid in Mrs. Davis's class. He often wore a blue shirt and had bright, curious eyes behind his round gla. Standard RL.4.3."
4th,4th-grade,RL.4.5,RL.4.5-Q4,multiple_choice,images/4th-grade/RL.4.5/RL.4.5-Q4.png,"Bright 2D cartoon illustration, bold clean outlines, vibrant saturated colors. Scene: What structural element do poems often have that prose does not?. Standard RL.4.5."
4th,4th-grade,RL.4.6,RL.4.6-Q1,multiple_choice,images/4th-grade/RL.4.6/RL.4.6-Q1.png,"Bright 2D cartoon illustration, bold clean outlines, vibrant saturated colors. Scene: The sentence ""I couldn't believe my eyes when I opened the door"" is narrated from the character's own point of view. If this same event was instead told by a narrator who is *not* a character in the story, what would mos. Standard RL.4.6."
4th,4th-grade,RL.4.6,RL.4.6-Q2,multiple_choice,images/4th-grade/RL.4.6/RL.4.6-Q2.png,"Bright 2D cartoon illustration, bold clean outlines, vibrant saturated colors. Scene: Read these two passages: Passage A: 'I pressed my face against the cold window, watching the first snowflakes fall. A shiver went down my spine, not from the cold, but from excitement! I couldn't wait to build a snowman.. Standard RL.4.6."
4th,4th-grade,RL.4.6,RL.4.6-Q4,multiple_choice,images/4th-grade/RL.4.6/RL.4.6-Q4.png,"Bright 2D cartoon illustration, bold clean outlines, vibrant saturated colors. Scene: Read the story below:""Lily looked out the window. She felt a little nervous about her first day at the new school. 'What if no one wants to play with me?' she wondered. Her mom smiled, 'You'll do great, sweetie.' But Lil. Standard RL.4.6."
4th,4th-grade,RL.4.7,RL.4.7-Q5,multiple_choice,images/4th-grade/RL.4.7/RL.4.7-Q5.png,"Bright 2D cartoon illustration, bold clean outlines, vibrant saturated colors. Scene: Imagine reading a book where a wizard's tower is described as being made of smooth, black stone, reaching high into the clouds, with a giant, glowing crystal at the very top. If the movie adaptation of this story shows t. Standard RL.4.7."
4th,4th-grade,RL.4.9,RL.4.9-Q2,multiple_choice,images/4th-grade/RL.4.9/RL.4.9-Q2.png,"Bright 2D cartoon illustration, bold clean outlines, vibrant saturated colors. Scene: Imagine you read two flood myths. In the first myth, a powerful god sends the flood because people have become unkind. In the second myth, the flood happens because a giant river overflows for many years without stopping. Standard RL.4.9."
4th,4th-grade,RL.4.9,RL.4.9-Q3,multiple_choice,images/4th-grade/RL.4.9/RL.4.9-Q3.png,"Bright 2D cartoon illustration, bold clean outlines, vibrant saturated colors. Scene: In a European fairy tale, a small fox uses its wits to outsmart a much larger, stronger animal. In a West African folktale, Anansi the spider, who is not very big, uses clever plans to trick powerful creatures. What main. Standard RL.4.9."
4th,4th-grade,RL.4.9,RL.4.9-Q4,multiple_choice,images/4th-grade/RL.4.9/RL.4.9-Q4.png,"Bright 2D cartoon illustration, bold clean outlines, vibrant saturated colors. Scene: Imagine you have read two stories from different cultures that both share the theme of 'courage.' What would be the *best* way to compare *how* each story shows courage?. Standard RL.4.9."
4th,4th-grade,RI.4.1,RI.4.1-Q5,multiple_choice,images/4th-grade/RI.4.1/RI.4.1-Q5.png,"Bright 2D cartoon illustration, bold clean outlines, vibrant saturated colors. Scene: Read the passage below. After reading, what can you infer about Maya?. Standard RI.4.1."
4th,4th-grade,RI.4.2,RI.4.2-Q3,multiple_choice,images/4th-grade/RI.4.2/RI.4.2-Q3.png,"Bright 2D cartoon illustration, bold clean outlines, vibrant saturated colors. Scene: Read the passage about bees, then answer the question. ""Bees are amazing insects that play a super important role in nature. They are known for making honey, which is a sweet food that humans and other animals love to ea. Standard RI.4.2."
4th,4th-grade,RI.4.4,RI.4.4-Q6,tap_to_pair,images/4th-grade/RI.4.4/RI.4.4-Q6.png,"Bright 2D cartoon illustration, bold clean outlines, vibrant saturated colors. Scene: Match each word to its meaning!. Standard RI.4.4."
4th,4th-grade,RI.4.5,RI.4.5-Q5,multiple_choice,images/4th-grade/RI.4.5/RI.4.5-Q5.png,"Bright 2D cartoon illustration, bold clean outlines, vibrant saturated colors. Scene: A science article describes how a tiny seed grows into a big oak tree. It explains what happens first, then next, and finally, what the tree looks like when it's fully grown. What is the overall structure of this article. Standard RI.4.5."
4th,4th-grade,RI.4.5,RI.4.5-Q6,category_sort,images/4th-grade/RI.4.5/RI.4.5-Q6.png,"Bright 2D cartoon illustration, bold clean outlines, vibrant saturated colors. Scene: Sort each passage description into its text structure!. Standard RI.4.5."
4th,4th-grade,RI.4.5,RI.4.5-Q7,multiple_choice,images/4th-grade/RI.4.5/RI.4.5-Q7.png,"Bright 2D cartoon illustration, bold clean outlines, vibrant saturated colors. Scene: Rising ocean temperatures have caused many coral reefs to bleach. Because the coral loses the algae it depends on for food, it turns white and can eventually die. As a result, thousands of species that rely on coral reef. Standard RI.4.5."
4th,4th-grade,RI.4.5,RI.4.5-Q8,tap_to_pair,images/4th-grade/RI.4.5/RI.4.5-Q8.png,"Bright 2D cartoon illustration, bold clean outlines, vibrant saturated colors. Scene: Match each signal word to the text structure it belongs to!. Standard RI.4.5."
4th,4th-grade,RI.4.5,RI.4.5-Q9,missing_word,images/4th-grade/RI.4.5/RI.4.5-Q9.png,"Bright 2D cartoon illustration, bold clean outlines, vibrant saturated colors. Scene: Pick the right text structure name to fill the blank.. Standard RI.4.5."
4th,4th-grade,RI.4.5,RI.4.5-Q10,multiple_choice,images/4th-grade/RI.4.5/RI.4.5-Q10.png,"Bright 2D cartoon illustration, bold clean outlines, vibrant saturated colors. Scene: Overfishing threatens many ocean species. In some areas, fish populations have dropped by more than half. To address this, several countries have created marine protected areas where fishing is limited. These zones have . Standard RI.4.5."
4th,4th-grade,RI.4.5,RI.4.5-Q11,multiple_choice,images/4th-grade/RI.4.5/RI.4.5-Q11.png,"Bright 2D cartoon illustration, bold clean outlines, vibrant saturated colors. Scene: In 1960, Jacques Piccard and Don Walsh descended to the deepest point in the ocean — the Mariana Trench. Decades later, in 2012, filmmaker James Cameron made the journey alone. Then in 2019, explorer Victor Vescovo reach. Standard RI.4.5."
4th,4th-grade,RI.4.5,RI.4.5-Q12,sentence_build,images/4th-grade/RI.4.5/RI.4.5-Q12.png,"Bright 2D cartoon illustration, bold clean outlines, vibrant saturated colors. Scene: Put in order from first to last: how a coral reef forms.. Standard RI.4.5."
4th,4th-grade,RI.4.6,RI.4.6-Q1,multiple_choice,images/4th-grade/RI.4.6/RI.4.6-Q1.png,"Bright 2D cartoon illustration, bold clean outlines, vibrant saturated colors. Scene: When comparing a firsthand account and a secondhand account of the same event, what is one important difference you would expect to find?. Standard RI.4.6."
4th,4th-grade,RI.4.6,RI.4.6-Q4,multiple_choice,images/4th-grade/RI.4.6/RI.4.6-Q4.png,"Bright 2D cartoon illustration, bold clean outlines, vibrant saturated colors. Scene: Read Account A and Account B. Which statement correctly describes how these two accounts tell about the earthquake?Account A: ""I could feel the ground shaking under my feet. Dust filled the air and I couldn't see.""Accoun. Standard RI.4.6."
4th,4th-grade,RI.4.7,RI.4.7-Q1,multiple_choice,images/4th-grade/RI.4.7/RI.4.7-Q1.png,"Bright 2D cartoon illustration, bold clean outlines, vibrant saturated colors. Scene: A bar graph shows that the school recycled 200 pounds in January, 350 in February, and 500 in March. What trend does the graph show?. Standard RI.4.7."
4th,4th-grade,RI.4.7,RI.4.7-Q5,multiple_choice,images/4th-grade/RI.4.7/RI.4.7-Q5.png,"Bright 2D cartoon illustration, bold clean outlines, vibrant saturated colors. Scene: A teacher made a bar graph to show the favorite ice cream flavors of her students. The graph shows that the bar for 'Chocolate' is the tallest, while the bar for 'Vanilla' is the shortest of all the flavors listed. What . Standard RI.4.7."
4th,4th-grade,RI.4.8,RI.4.8-Q2,multiple_choice,images/4th-grade/RI.4.8/RI.4.8-Q2.png,"Bright 2D cartoon illustration, bold clean outlines, vibrant saturated colors. Scene: In a text, an author writes: 'Recess actually helps students learn and focus better in class. For example, some schools have seen that students who get a good break outside perform 20% better on their math and reading te. Standard RI.4.8."
4th,4th-grade,RI.4.9,RI.4.9-Q3,multiple_choice,images/4th-grade/RI.4.9/RI.4.9-Q3.png,"Bright 2D cartoon illustration, bold clean outlines, vibrant saturated colors. Scene: Read the two texts about butterflies and moths.. Standard RI.4.9."
4th,4th-grade,RF.4.3,RF.4.3-Q5,multiple_choice,images/4th-grade/RF.4.3/RF.4.3-Q5.png,"Bright 2D cartoon illustration, bold clean outlines, vibrant saturated colors. Scene: Maria likes to write stories, but she wants to use a different name so no one knows she wrote them. If Maria chooses a pseudonym, which kind of name will she use?. Standard RF.4.3."
4th,4th-grade,RF.4.3a,RF.4.3a-Q4,multiple_choice,images/4th-grade/RF.4.3a/RF.4.3a-Q4.png,"Bright 2D cartoon illustration, bold clean outlines, vibrant saturated colors. Scene: Which option shows the correct way to break the word ""extraordinary"" into its syllables?. Standard RF.4.3a."
4th,4th-grade,RF.4.4,RF.4.4-Q2,multiple_choice,images/4th-grade/RF.4.4/RF.4.4-Q2.png,"Bright 2D cartoon illustration, bold clean outlines, vibrant saturated colors. Scene: When you read a story out loud, what helps you and others best understand what is happening?. Standard RF.4.4."
4th,4th-grade,RF.4.4,RF.4.4-Q4,multiple_choice,images/4th-grade/RF.4.4/RF.4.4-Q4.png,"Bright 2D cartoon illustration, bold clean outlines, vibrant saturated colors. Scene: Imagine a student is reading a story aloud to the class. Which description below shows the student reading with good fluency, making the story clear and easy to understand?. Standard RF.4.4."
4th,4th-grade,RF.4.4,RF.4.4-Q5,multiple_choice,images/4th-grade/RF.4.4/RF.4.4-Q5.png,"Bright 2D cartoon illustration, bold clean outlines, vibrant saturated colors. Scene: You are reading a book, and suddenly you realize that the words you just read don't make sense in your mind. What is the most helpful thing to do so you can understand the story?. Standard RF.4.4."
4th,4th-grade,L.4.4a,L.4.4a-Q6,tap_to_pair,images/4th-grade/L.4.4a/L.4.4a-Q6.png,"Bright 2D cartoon illustration, bold clean outlines, vibrant saturated colors. Scene: Match each word to its meaning!. Standard L.4.4a."
4th,4th-grade,L.4.4b,L.4.4b-Q4,multiple_choice,images/4th-grade/L.4.4b/L.4.4b-Q4.png,"Bright 2D cartoon illustration, bold clean outlines, vibrant saturated colors. Scene: Using the prefix **micro-** as a clue, what does a **microscope** help you see?. Standard L.4.4b."
4th,4th-grade,L.4.4b,L.4.4b-Q6,tap_to_pair,images/4th-grade/L.4.4b/L.4.4b-Q6.png,"Bright 2D cartoon illustration, bold clean outlines, vibrant saturated colors. Scene: Match each word to its root meaning!. Standard L.4.4b."
4th,4th-grade,L.4.4c,L.4.4c-Q3,multiple_choice,images/4th-grade/L.4.4c/L.4.4c-Q3.png,"Bright 2D cartoon illustration, bold clean outlines, vibrant saturated colors. Scene: Read the dictionary entry for ""lumber"":. Standard L.4.4c."
4th,4th-grade,L.4.4c,L.4.4c-Q5,multiple_choice,images/4th-grade/L.4.4c/L.4.4c-Q5.png,"Bright 2D cartoon illustration, bold clean outlines, vibrant saturated colors. Scene: Based on the sentence, which dictionary entry best clarifies the precise meaning of the word ""meander""?""The river did not flow in a straight line; instead, it began to meander through the valley."". Standard L.4.4c."
4th,4th-grade,L.4.5a,L.4.5a-Q5,multiple_choice,images/4th-grade/L.4.5a/L.4.5a-Q5.png,"Bright 2D cartoon illustration, bold clean outlines, vibrant saturated colors. Scene: What does the simile ""Her laughter was like music to his ears"" mean?. Standard L.4.5a."
4th,4th-grade,L.4.5a,L.4.5a-Q6,tap_to_pair,images/4th-grade/L.4.5a/L.4.5a-Q6.png,"Bright 2D cartoon illustration, bold clean outlines, vibrant saturated colors. Scene: Match each simile or metaphor to its meaning!. Standard L.4.5a."
4th,4th-grade,L.4.5b,L.4.5b-Q6,tap_to_pair,images/4th-grade/L.4.5b/L.4.5b-Q6.png,"Bright 2D cartoon illustration, bold clean outlines, vibrant saturated colors. Scene: Match each idiom or proverb to its meaning!. Standard L.4.5b."
4th,4th-grade,L.4.5c,L.4.5c-Q6,tap_to_pair,images/4th-grade/L.4.5c/L.4.5c-Q6.png,"Bright 2D cartoon illustration, bold clean outlines, vibrant saturated colors. Scene: Match each word to its synonym or antonym!. Standard L.4.5c."
4th,4th-grade,L.4.1,L.4.1-Q1,multiple_choice,images/4th-grade/L.4.1/L.4.1-Q1.png,"Bright 2D cartoon illustration, bold clean outlines, vibrant saturated colors. Scene: The children played with ___ toys in the park.. Standard L.4.1."
4th,4th-grade,L.4.1,L.4.1-Q3,multiple_choice,images/4th-grade/L.4.1/L.4.1-Q3.png,"Bright 2D cartoon illustration, bold clean outlines, vibrant saturated colors. Scene: Which word best completes the sentence to show where the puppy hid? ""The puppy hid _______ the bed when it heard the thunder."". Standard L.4.1."
4th,4th-grade,L.4.1,L.4.1-Q4,multiple_choice,images/4th-grade/L.4.1/L.4.1-Q4.png,"Bright 2D cartoon illustration, bold clean outlines, vibrant saturated colors. Scene: Which sentence correctly combines these two ideas: ""The cat stretched. It jumped onto the couch."". Standard L.4.1."
4th,4th-grade,L.4.2,L.4.2-Q1,multiple_choice,images/4th-grade/L.4.2/L.4.2-Q1.png,"Bright 2D cartoon illustration, bold clean outlines, vibrant saturated colors. Scene: Where should a comma be placed in this sentence? ""The cat stretched lazily ___ and then it jumped onto the couch."". Standard L.4.2."
